sistema;bloco_MB;teste;alloc_ms;write_ms;read_ms;free_ms;;;;;;;;
windows;100;1;91.048;188.479;307.413;39.567;;;;;;;;
windows;100;2;103.645;187.626;3.096.634;41.981;;;;;;;;
windows;100;3;110.108;210.632;3.072.632;3.882;;;;;;;;
windows;100;4;10.874;207.834;3.090.175;39.879;;;;;;;;
windows;100;5;104.528;189.504;3.100.053;40.892;;;;;;;;
windows;100;6;108.255;212.186;3.105.927;40.084;;;;;;;;
windows;100;7;111.061;217.738;3.102.609;3.956;;;;;;;;
windows;100;8;103.039;188.343;3.551.233;40.294;;;;;;;;
windows;100;9;109.437;209.449;3.080.039;40.525;;;;;;;;
windows;100;10;109.365;209.005;3.492.189;39.653;;;;;;;;
windows;100;11;104.877;184.826;3.326.561;40.618;;;;;;;;
windows;100;12;108.365;209.571;3.201.317;40.472;;;;;;;;
windows;100;13;104.237;19.566;3.085.747;40.183;;;;;;;;
windows;100;14;106.985;20.851;3.078.078;40.127;;;;;;;;
windows;100;15;109.732;208.551;3.081.798;39.299;;;;;;;;
windows;100;16;105.975;184.393;3.547.449;40.434;;;;;;;;
windows;100;17;107.247;205.741;3.262.238;40.218;;;;;;;;
windows;100;18;109.087;206.226;3.276.171;40.092;;;;;;;;
windows;100;19;10.621;186.849;314.576;40.004;;;;;;;;
windows;100;20;109.802;202.126;3.544.408;39.969;;;;;;;;
windows;100;21;107.572;21.049;3.545.837;40.632;;;;;;;;
windows;100;22;105.836;186.212;3.222.736;40.467;;;;;;;;
windows;100;23;108.172;203.091;3.530.575;39.812;;;;;;;;
windows;100;24;106.522;187.682;3.280.428;39.851;;;;;;;;
windows;100;25;11.231;204.272;3.074.849;40.264;;;;;;;;
windows;100;26;118.514;215.817;3.110.877;39.562;;;;;;;;
windows;100;27;103.134;188.597;3.099.155;3.938;;;;;;;;
windows;100;28;108.162;209.502;3.106.005;40.199;;;;;;;;
windows;100;29;108.871;217.525;3.099.572;3.97;;;;;;;;
windows;100;30;106.067;190.124;3.370.084;39.983;;;;;;;;
windows;100;31;108.658;203.179;3.537.491;39.679;;;;;;;;
windows;100;32;107.588;205.498;3.231.521;40.113;;;;;;;;
windows;100;33;106.891;195.224;3.077.462;39.955;;;;;;;;
windows;100;34;108.124;20.409;3.106.913;39.043;;;;;;;;
windows;100;35;107.714;206.162;315.003;40.158;;;;;;;;
windows;100;36;106.398;190.415;3.078.927;39.987;;;;;;;;
windows;100;37;107.801;205.689;341.436;39.934;;;;;;;;
windows;100;38;107.425;191.993;3.138.654;41.231;;;;;;;;
windows;100;39;108.896;209.009;3.139.094;39.641;;;;;;;;
windows;100;40;108.315;214.337;3.117.295;39.662;;;;;;;;
windows;100;41;107.994;191.977;309.197;39.558;;;;;;;;
windows;100;42;108.353;207.715;3.075.784;3.973;;;;;;;;
windows;100;43;107.878;209.848;3.272.553;39.433;;;;;;;;
windows;100;44;106.489;191.546;3.439.051;41.166;;;;;;;;
windows;100;45;10.866;207.302;3.441.888;40.008;;;;;;;;
windows;100;46;109.112;21.461;3.466.486;4.03;;;;;;;;
windows;100;47;10.593;193.408;3.332.544;4.102;;;;;;;;
windows;100;48;108.154;207.788;3.172.518;39.841;;;;;;;;
windows;100;49;108.169;217.173;3.101.269;40.239;;;;;;;;
windows;100;50;107.213;209.449;3.075.006;40.225;;;;;;;;
windows;100;51;108.752;222.825;3.088.905;45.171;;;;;;;;
windows;100;52;105.124;186.562;3.197.395;40.432;;;;;;;;
windows;100;53;108.894;210.171;3.559.393;38.728;;;;;;;;
windows;100;54;10.885;202.346;3.279.437;43.509;;;;;;;;
windows;100;55;107.545;216.979;3.114.233;40.217;;;;;;;;
windows;100;56;107.958;208.147;3.340.526;40.258;;;;;;;;
windows;100;57;10.82;221.553;3.100.258;39.906;;;;;;;;
windows;100;58;103.731;189.078;3.542.365;40.001;;;;;;;;
windows;100;59;108.258;207.715;3.558.171;40.279;;;;;;;;
windows;100;60;108.935;206.975;3.551.349;3.992;;;;;;;;
windows;100;61;104.777;193.482;3.077.414;40.576;;;;;;;;
windows;100;62;108.501;208.502;3.270.458;40.018;;;;;;;;
windows;100;63;10.825;189.753;3.106.438;40.228;;;;;;;;
windows;100;64;110.251;211.672;3.548.875;41.099;;;;;;;;
windows;100;65;109.705;209.826;308.814;39.678;;;;;;;;
windows;100;66;104.633;186.673;3.120.896;40.182;;;;;;;;
windows;100;67;107.616;204.826;3.543.497;40.014;;;;;;;;
windows;100;68;107.515;206.298;3.249.885;40.285;;;;;;;;
windows;100;69;132.813;214.623;3.093.666;4.042;;;;;;;;
windows;100;70;107.306;209.635;3.102.583;39.873;;;;;;;;
windows;100;71;107.945;209.576;3.142.745;39.956;;;;;;;;
windows;100;72;106.706;192.597;3.132.538;40.184;;;;;;;;
windows;100;73;110.467;210.579;3.083.493;39.952;;;;;;;;
windows;100;74;108.892;217.032;3.084.103;39.709;;;;;;;;
windows;100;75;107.012;185.127;3.434.736;40.403;;;;;;;;
windows;100;76;10.744;205.651;3.444.358;41.069;;;;;;;;
windows;100;77;107.094;188.782;3.086.671;40.221;;;;;;;;
windows;100;78;107.909;205.221;3.210.997;40.298;;;;;;;;
windows;100;79;107.639;207.094;3.236.159;4.029;;;;;;;;
windows;100;80;108.309;191.076;3.213.463;39.934;;;;;;;;
windows;100;81;109.462;207.169;3.089.186;40.303;;;;;;;;
windows;100;82;107.896;207.592;309.674;40.342;;;;;;;;
windows;100;83;106.526;189.417;3.128.065;40.013;;;;;;;;
windows;100;84;108.417;212.148;3.202.028;4.064;;;;;;;;
windows;100;85;108.678;208.835;3.297.425;40.092;;;;;;;;
windows;100;86;107.186;187.674;3.552.063;42.653;;;;;;;;
windows;100;87;109.456;205.715;3.455.143;41.877;;;;;;;;
windows;100;88;106.865;187.012;3.075.627;40.672;;;;;;;;
windows;100;89;107.833;204.097;3.183.992;40.185;;;;;;;;
windows;100;90;108.156;206.453;3.521.584;40.147;;;;;;;;
windows;100;91;106.953;189.903;3.552.382;4.038;;;;;;;;
windows;100;92;110.152;202.896;3.186.828;40.238;;;;;;;;
windows;100;93;107.976;212.345;3.164.246;40.848;;;;;;;;
windows;100;94;110.551;189.975;3.550.907;40.514;;;;;;;;
windows;100;95;10.759;206.794;3.315.644;40.316;;;;;;;;
windows;100;96;107.603;246.267;3.084.156;40.163;;;;;;;;
windows;100;97;106.708;186.979;3.205.303;40.871;;;;;;;;
windows;100;98;112.068;207.993;3.081.436;3.96;;;;;;;;
windows;100;99;122.561;18.676;3.226.209;40.115;;;;;;;;
windows;100;100;108.455;209.734;3.322.668;40.206;;;;;;;;
windows;200;1;196.497;373.265;6.189.851;78.921;;;;;;;;
windows;200;2;211.655;381.075;6.445.418;80.171;;;;;;;;
windows;200;3;215.258;391.067;6.200.057;79.136;;;;;;;;
windows;200;4;217.565;44.151;6.371.982;78.528;;;;;;;;
windows;200;5;212.963;381.766;6.165.898;79.191;;;;;;;;
windows;200;6;212.507;375.398;6.234.982;79.603;;;;;;;;
windows;200;7;218.294;419.574;6.271.075;80.085;;;;;;;;
windows;200;8;213.361;381.385;619.941;80.044;;;;;;;;
windows;200;9;21.279;372.974;6.204.243;85.795;;;;;;;;
windows;200;10;259.025;376.367;6.259.698;80.525;;;;;;;;
windows;200;11;218.051;411.622;6.297.419;7.877;;;;;;;;
windows;200;12;207.737;379.654;6.152.094;79.561;;;;;;;;
windows;200;13;211.466;373.825;6.199.937;79.622;;;;;;;;
windows;200;14;217.225;415.229;6.408.616;79.051;;;;;;;;
windows;200;15;21.112;37.283;6.230.959;80.298;;;;;;;;
windows;200;16;21.165;368.288;6.310.018;79.426;;;;;;;;
windows;200;17;216.991;414.907;6.530.151;8.383;;;;;;;;
windows;200;18;221.045;380.366;6.172.047;79.575;;;;;;;;
windows;200;19;212.914;370.764;626.585;78.814;;;;;;;;
windows;200;20;216.734;424.379;6.247.333;7.91;;;;;;;;
windows;200;21;216.245;423.356;6.191.885;78.845;;;;;;;;
windows;200;22;211.702;37.068;6.688.709;79.027;;;;;;;;
windows;200;23;211.631;372.243;6.530.853;7.943;;;;;;;;
windows;200;24;221.341;432.965;6.398.281;79.119;;;;;;;;
windows;200;25;210.526;408.318;6.203.965;78.971;;;;;;;;
windows;200;26;208.117;383.556;6.239.502;7.981;;;;;;;;
windows;200;27;219.275;421.455;6.190.082;7.897;;;;;;;;
windows;200;28;215.984;379.109;6.589.095;81.896;;;;;;;;
windows;200;29;215.651;388.114;6.192.539;80.163;;;;;;;;
windows;200;30;22.817;373.526;6.880.962;80.659;;;;;;;;
windows;200;31;215.837;415.463;6.209.286;80.219;;;;;;;;
windows;200;32;204.949;400.216;6.180.615;81.082;;;;;;;;
windows;200;33;205.451;382.654;6.794.284;82.302;;;;;;;;
windows;200;34;220.365;424.734;6.603.999;80.733;;;;;;;;
windows;200;35;207.906;384.588;6.235.631;81.667;;;;;;;;
windows;200;36;209.387;378.571;6.312.264;81.504;;;;;;;;
windows;200;37;230.319;375.983;6.192.762;82.255;;;;;;;;
windows;200;38;22.016;418.831;6.294.161;81.253;;;;;;;;
windows;200;39;214.531;375.861;6.460.196;80.073;;;;;;;;
windows;200;40;215.358;371.872;6.226.393;80.135;;;;;;;;
windows;200;41;220.309;402.936;6.314.615;78.969;;;;;;;;
windows;200;42;217.969;379.868;6.229.095;79.026;;;;;;;;
windows;200;43;216.266;384.739;6.187.326;7.827;;;;;;;;
windows;200;44;219.891;411.033;6.331.121;78.273;;;;;;;;
windows;200;45;212.206;375.449;6.443.091;79.706;;;;;;;;
windows;200;46;214.878;374.606;6.207.161;78.031;;;;;;;;
windows;200;47;218.413;402.293;6.449.886;79.963;;;;;;;;
windows;200;48;219.892;416.011;6.202.708;77.619;;;;;;;;
windows;200;49;212.279;368.472;6.225.199;78.903;;;;;;;;
windows;200;50;216.129;382.118;6.543.872;90.347;;;;;;;;
windows;200;51;240.075;510.879;6.745.498;78.631;;;;;;;;
windows;200;52;215.718;406.285;6.258.007;77.771;;;;;;;;
windows;200;53;200.766;395.242;631.312;79.028;;;;;;;;
windows;200;54;217.627;433.522;6.232.169;78.343;;;;;;;;
windows;200;55;21.719;418.871;6.236.168;78.504;;;;;;;;
windows;200;56;214.068;388.846;6.238.167;81.745;;;;;;;;
windows;200;57;212.737;375.578;623.85;86.747;;;;;;;;
windows;200;58;217.674;422.716;6.242.969;81.088;;;;;;;;
windows;200;59;211.649;377.764;6.232.956;79.717;;;;;;;;
windows;200;60;210.641;373.734;622.718;80.625;;;;;;;;
windows;200;61;219.691;424.264;6.184.502;80.057;;;;;;;;
windows;200;62;212.446;378.246;6.317.875;85.362;;;;;;;;
windows;200;63;21.444;388.692;6.262.668;80.892;;;;;;;;
windows;200;64;218.426;419.672;6.260.476;90.339;;;;;;;;
windows;200;65;21.368;374.815;626.109;80.625;;;;;;;;
windows;200;66;223.493;376.582;6.194.457;80.367;;;;;;;;
windows;200;67;216.099;418.589;6.209.117;8.047;;;;;;;;
windows;200;68;21.518;409.341;6.636.924;80.205;;;;;;;;
windows;200;69;215.833;384.582;6.205.801;80.315;;;;;;;;
windows;200;70;221.327;371.974;623.981;83.823;;;;;;;;
windows;200;71;22.532;429.905;622.867;80.928;;;;;;;;
windows;200;72;214.465;371.215;6.225.408;81.183;;;;;;;;
windows;200;73;214.306;369.171;6.602.133;80.579;;;;;;;;
windows;200;74;223.543;414.431;6.205.526;80.621;;;;;;;;
windows;200;75;214.267;368.377;6.283.695;8.907;;;;;;;;
windows;200;76;225.463;374.104;6.184.013;80.969;;;;;;;;
windows;200;77;21.736;435.452;6.227.774;80.571;;;;;;;;
windows;200;78;214.346;413.172;6.401.769;80.933;;;;;;;;
windows;200;79;214.692;368.734;6.400.257;80.844;;;;;;;;
windows;200;80;219.736;368.838;6.238.014;80.048;;;;;;;;
windows;200;81;216.807;415.538;6.288.907;86.178;;;;;;;;
windows;200;82;215.017;385.358;624.22;80.615;;;;;;;;
windows;200;83;220.874;36.939;6.228.697;8.095;;;;;;;;
windows;200;84;216.625;416.957;6.220.794;80.505;;;;;;;;
windows;200;85;216.565;371.376;6.164.216;80.509;;;;;;;;
windows;200;86;213.793;373.897;6.529.836;81.488;;;;;;;;
windows;200;87;218.359;416.751;6.198.446;80.798;;;;;;;;
windows;200;88;219.785;366.761;6.290.173;80.793;;;;;;;;
windows;200;89;216.525;36.811;7.093.305;80.258;;;;;;;;
windows;200;90;228.412;36.8;6.171.216;80.982;;;;;;;;
windows;200;91;216.719;408.825;6.634.864;81.439;;;;;;;;
windows;200;92;215.921;37.402;6.350.859;8.023;;;;;;;;
windows;200;93;215.054;370.401;625.725;79.777;;;;;;;;
windows;200;94;221.249;419.863;6.277.612;7.971;;;;;;;;
windows;200;95;231.688;371.267;6.356.353;86.114;;;;;;;;
windows;200;96;228.035;380.085;6.290.717;80.795;;;;;;;;
windows;200;97;214.278;38.649;6.416.749;8.035;;;;;;;;
windows;200;98;218.474;420.264;6.365.647;162.536;;;;;;;;
windows;200;99;218.718;37.836;6.205.151;80.357;;;;;;;;
windows;200;100;21.26;373.784;6.252.013;82.592;;;;;;;;
windows;300;1;332.993;580.341;9.292.162;118.906;;;;;;;;
windows;300;2;328.549;632.152;9.785.232;120.302;;;;;;;;
windows;300;3;329.822;577.107;9.277.655;135.436;;;;;;;;
windows;300;4;289.904;56.734;9.284.582;119.942;;;;;;;;
windows;300;5;322.182;58.844;9.301.955;146.969;;;;;;;;
windows;300;6;320.637;568.354;9.264.962;119.539;;;;;;;;
windows;300;7;319.222;558.526;9.352.017;12.155;;;;;;;;
windows;300;8;318.776;56.436;928.681;121.318;;;;;;;;
windows;300;9;321.654;559.376;9.810.819;119.647;;;;;;;;
windows;300;10;319.393;562.344;9.462.711;120.868;;;;;;;;
windows;300;11;323.448;564.584;9.298.375;120.634;;;;;;;;
windows;300;12;318.529;558.655;9.296.303;120.317;;;;;;;;
windows;300;13;319.387;561.288;9.356.619;119.742;;;;;;;;
windows;300;14;322.806;568.983;9.307.998;12.051;;;;;;;;
windows;300;15;322.822;562.504;9.387.716;121.524;;;;;;;;
windows;300;16;326.349;566.651;9.332.849;119.589;;;;;;;;
windows;300;17;316.178;566.004;9.278.854;122.523;;;;;;;;
windows;300;18;32.046;557.223;9.280.169;132.548;;;;;;;;
windows;300;19;31.682;588.326;9.303.359;119.092;;;;;;;;
windows;300;20;316.105;570.205;9.322.154;119.652;;;;;;;;
windows;300;21;323.223;566.853;931.391;118.555;;;;;;;;
windows;300;22;316.757;562.625;9.275.824;120.475;;;;;;;;
windows;300;23;31.777;55.713;10.637.341;120.793;;;;;;;;
windows;300;24;320.988;558.715;9.998.602;119.911;;;;;;;;
windows;300;25;331.115;57.615;9.491.542;158.317;;;;;;;;
windows;300;26;353.893;567.605;9.947.964;118.977;;;;;;;;
windows;300;27;32.13;569.546;9.451.703;119.206;;;;;;;;
windows;300;28;325.794;556.594;956.895;119.777;;;;;;;;
windows;300;29;324.838;558.267;9.726.323;119.914;;;;;;;;
windows;300;30;321.721;584.546;9.298.518;121.009;;;;;;;;
windows;300;31;319.069;558.848;10.039.719;119.955;;;;;;;;
windows;300;32;318.319;561.373;931.444;120.461;;;;;;;;
windows;300;33;320.717;56.049;9.247.437;121.902;;;;;;;;
windows;300;34;322.954;561.102;9.570.808;12.468;;;;;;;;
windows;300;35;35.178;630.857;9.378.267;120.632;;;;;;;;
windows;300;36;321.036;564.281;9.382.809;147.489;;;;;;;;
windows;300;37;319.623;567.289;9.398.299;120.875;;;;;;;;
windows;300;38;318.475;559.877;9.689.168;120.414;;;;;;;;
windows;300;39;325.324;577.836;9.319.236;120.634;;;;;;;;
windows;300;40;320.428;565.808;9.671.299;119.432;;;;;;;;
windows;300;41;343.232;564.877;9.323.739;120.455;;;;;;;;
windows;300;42;321.488;562.297;9.298.616;120.564;;;;;;;;
windows;300;43;324.582;623.828;9.451.204;120.362;;;;;;;;
windows;300;44;319.876;570.933;9.273.705;12.045;;;;;;;;
windows;300;45;374.817;567.084;9.263.206;132.641;;;;;;;;
windows;300;46;314.262;556.861;9.366.583;122.631;;;;;;;;
windows;300;47;332.074;571.934;9.328.961;119.925;;;;;;;;
windows;300;48;318.636;574.932;9.550.475;12.513;;;;;;;;
windows;300;49;321.311;56.742;9.406.016;120.047;;;;;;;;
windows;300;50;324.761;577.297;931.9;11.96;;;;;;;;
windows;300;51;315.534;569.531;9.638.999;118.632;;;;;;;;
windows;300;52;322.494;664.455;9.501.669;13.052;;;;;;;;
windows;300;53;298.746;596.485;9.350.815;119.187;;;;;;;;
windows;300;54;295.467;64.376;9.260.237;120.095;;;;;;;;
windows;300;55;287.415;590.102;9.304.592;119.223;;;;;;;;
windows;300;56;296.645;594.426;1.022.117;122.645;;;;;;;;
windows;300;57;308.461;604.749;9.270.955;118.517;;;;;;;;
windows;300;58;313.479;569.887;9.487.229;119.391;;;;;;;;
windows;300;59;338.699;558.861;931.767;118.586;;;;;;;;
windows;300;60;332.018;559.246;9.259.978;118.636;;;;;;;;
windows;300;61;318.621;562.434;9.256.484;118.779;;;;;;;;
windows;300;62;321.081;55.853;9.337.239;120.697;;;;;;;;
windows;300;63;322.653;584.256;9.290.087;118.448;;;;;;;;
windows;300;64;324.483;568.536;9.331.651;119.383;;;;;;;;
windows;300;65;322.935;565.386;9.380.338;120.265;;;;;;;;
windows;300;66;323.466;563.092;9.305.108;118.899;;;;;;;;
windows;300;67;320.045;564.806;9.370.454;124.491;;;;;;;;
windows;300;68;328.979;584.048;9.319.805;119.507;;;;;;;;
windows;300;69;327.543;62.074;9.383.513;142.718;;;;;;;;
windows;300;70;300.563;56.715;9.331.637;122.973;;;;;;;;
windows;300;71;321.911;560.619;9.293.543;118.846;;;;;;;;
windows;300;72;319.433;556.418;9.436.035;121.567;;;;;;;;
windows;300;73;323.617;561.535;9.372.968;119.984;;;;;;;;
windows;300;74;320.789;566.651;9.330.077;121.045;;;;;;;;
windows;300;75;32.119;56.332;9.468.286;123.389;;;;;;;;
windows;300;76;328.353;558.448;9.366.024;121.316;;;;;;;;
windows;300;77;326.378;561.016;9.272.506;122.084;;;;;;;;
windows;300;78;320.346;565.681;9.295.541;127.406;;;;;;;;
windows;300;79;328.446;565.744;9.998.088;122.097;;;;;;;;
windows;300;80;324.696;557.783;962.279;128.816;;;;;;;;
windows;300;81;327.054;566.679;9.299.754;120.943;;;;;;;;
windows;300;82;325.825;557.939;9.284.008;123.056;;;;;;;;
windows;300;83;322.598;573.977;9.285.165;122.099;;;;;;;;
windows;300;84;327.192;576.758;9.335.776;122.169;;;;;;;;
windows;300;85;324.104;555.718;9.363.411;122.128;;;;;;;;
windows;300;86;325.713;566.777;9.570.886;125.005;;;;;;;;
windows;300;87;326.892;571.499;9.424.199;127.307;;;;;;;;
windows;300;88;32.087;593.002;9.374.393;127.774;;;;;;;;
windows;300;89;323.588;588.978;9.371.354;124.648;;;;;;;;
windows;300;90;321.501;605.939;9.349.533;123.974;;;;;;;;
windows;300;91;321.369;570.581;9.331.646;122.067;;;;;;;;
windows;300;92;312.237;585.579;9.342.805;123.113;;;;;;;;
windows;300;93;328.166;685.728;9.287.082;128.354;;;;;;;;
windows;300;94;328.997;559.038;935.084;123.073;;;;;;;;
windows;300;95;31.409;573.325;967.305;121.698;;;;;;;;
windows;300;96;309.944;582.979;9.746.507;122.348;;;;;;;;
windows;300;97;314.812;574.229;946.781;123.795;;;;;;;;
windows;300;98;314.492;63.371;9.333.409;123.089;;;;;;;;
windows;300;99;318.288;569.776;935.97;122.864;;;;;;;;
windows;300;100;327.103;563.227;9.366.753;126.491;;;;;;;;
windows;400;1;400.752;810.095;12.504.617;160.098;;;;;;;;
windows;400;2;441.124;824.679;12.662.615;157.857;;;;;;;;
windows;400;3;427.353;775.232;12.819.124;164.082;;;;;;;;
windows;400;4;42.365;774.786;12.403.005;166.041;;;;;;;;
windows;400;5;394.596;806.585;12.421.326;159.847;;;;;;;;
windows;400;6;428.585;750.423;12.432.871;160.469;;;;;;;;
windows;400;7;442.916;753.804;12.641.451;158.916;;;;;;;;
windows;400;8;43.278;76.605;1.238.012;163.469;;;;;;;;
windows;400;9;43.79;754.125;12.418.072;163.058;;;;;;;;
windows;400;10;439.806;765.212;12.404.208;162.312;;;;;;;;
windows;400;11;434.752;751.474;1.267.878;167.728;;;;;;;;
windows;400;12;494.212;934.242;12.675.412;164.941;;;;;;;;
windows;400;13;388.855;806.394;12.517.572;165.722;;;;;;;;
windows;400;14;384.724;792.006;12.358.957;166.854;;;;;;;;
windows;400;15;389.006;791.822;12.513.797;163.032;;;;;;;;
windows;400;16;394.863;844.742;12.657.098;166.928;;;;;;;;
windows;400;17;405.527;793.653;12.620.976;161.439;;;;;;;;
windows;400;18;390.674;818.349;12.566.299;176.692;;;;;;;;
windows;400;19;407.674;826.158;12.452.853;162.682;;;;;;;;
windows;400;20;386.811;80.576;13.762.628;228.743;;;;;;;;
windows;400;21;480.195;1.108.832;12.700.371;165.635;;;;;;;;
windows;400;22;387.458;81.336;12.537.518;163.287;;;;;;;;
windows;400;23;373.686;823.958;12.382.675;165.304;;;;;;;;
windows;400;24;37.328;808.338;12.561.857;164.484;;;;;;;;
windows;400;25;382.617;798.502;12.517.008;161.818;;;;;;;;
windows;400;26;370.641;813.861;12.669.391;16.377;;;;;;;;
windows;400;27;381.463;818.191;12.390.542;165.885;;;;;;;;
windows;400;28;373.124;80.855;12.692.958;164.303;;;;;;;;
windows;400;29;378.591;82.627;12.823.338;163.624;;;;;;;;
windows;400;30;378.009;816.286;12.365.549;167.683;;;;;;;;
windows;400;31;378.717;813.344;12.638.695;166.571;;;;;;;;
windows;400;32;378.136;811.872;12.400.041;164.062;;;;;;;;
windows;400;33;375.269;812.816;12.533.233;163.009;;;;;;;;
windows;400;34;378.297;838.515;12.407.321;163.996;;;;;;;;
windows;400;35;378.171;816.178;12.962.938;164.759;;;;;;;;
windows;400;36;381.107;833.468;12.519.967;168.254;;;;;;;;
windows;400;37;396.153;82.863;12.427.406;164.752;;;;;;;;
windows;400;38;375.889;824.942;12.607.465;162.426;;;;;;;;
windows;400;39;379.974;804.104;12.990.404;163.512;;;;;;;;
windows;400;40;378.681;816.781;12.393.431;164.376;;;;;;;;
windows;400;41;377.591;807.942;12.383.288;162.557;;;;;;;;
windows;400;42;393.545;808.404;12.561.068;160.838;;;;;;;;
windows;400;43;397.012;78.328;1.243.471;163.266;;;;;;;;
windows;400;44;401.007;779.171;12.543.537;163.751;;;;;;;;
windows;400;45;424.077;750.809;12.574.548;167.642;;;;;;;;
windows;400;46;431.345;749.286;12.356.256;162.924;;;;;;;;
windows;400;47;417.103;751.802;12.372.765;163.425;;;;;;;;
windows;400;48;416.483;755.659;12.339.053;163.416;;;;;;;;
windows;400;49;413.814;757.681;12.375.085;163.946;;;;;;;;
windows;400;50;417.523;748.776;13.054.054;162.406;;;;;;;;
windows;400;51;43.381;782.102;12.568.066;161.921;;;;;;;;
windows;400;52;426.698;779.444;1.266.696;164.149;;;;;;;;
windows;400;53;442.313;752.363;1.240.667;163.734;;;;;;;;
windows;400;54;437.914;75.365;12.418.753;164.226;;;;;;;;
windows;400;55;435.516;743.836;12.446.768;182.037;;;;;;;;
windows;400;56;430.206;746.219;12.645.232;169.119;;;;;;;;
windows;400;57;452.927;776.067;12.781.402;176.447;;;;;;;;
windows;400;58;401.538;785.432;12.499.893;162.309;;;;;;;;
windows;400;59;408.037;776.246;12.475.181;162.962;;;;;;;;
windows;400;60;407.783;79.267;12.635.406;161.773;;;;;;;;
windows;400;61;391.322;798.354;12.353.928;165.531;;;;;;;;
windows;400;62;382.218;796.628;12.359.903;162.749;;;;;;;;
windows;400;63;382.382;787.054;1.269.214;169.766;;;;;;;;
windows;400;64;396.458;820.604;12.533.323;16.169;;;;;;;;
windows;400;65;389.993;786.986;12.629.958;162.885;;;;;;;;
windows;400;66;388.519;766.108;12.870.387;164.737;;;;;;;;
windows;400;67;388.145;789.473;12.454.471;163.976;;;;;;;;
windows;400;68;392.785;801.009;12.544.316;159.889;;;;;;;;
windows;400;69;387.489;794.611;12.485.573;161.699;;;;;;;;
windows;400;70;376.394;806.201;1.239.701;163.685;;;;;;;;
windows;400;71;377.516;803.919;12.727.387;163.103;;;;;;;;
windows;400;72;373.573;822.076;12.368.839;164.377;;;;;;;;
windows;400;73;371.211;818.907;12.413.703;16.529;;;;;;;;
windows;400;74;367.188;826.283;12.377.844;167.512;;;;;;;;
windows;400;75;369.958;818.912;12.449.876;16.381;;;;;;;;
windows;400;76;367.499;818.669;12.383.185;165.003;;;;;;;;
windows;400;77;371.379;823.816;12.408.913;162.636;;;;;;;;
windows;400;78;363.995;84.575;12.342.131;165.162;;;;;;;;
windows;400;79;366.815;807.403;12.357.584;172.239;;;;;;;;
windows;400;80;369.244;825.185;12.382.389;164.468;;;;;;;;
windows;400;81;368.952;815.691;12.355.763;163.087;;;;;;;;
windows;400;82;366.292;812.527;12.336.146;163.398;;;;;;;;
windows;400;83;368.428;819.213;12.595.868;165.344;;;;;;;;
windows;400;84;36.566;809.676;12.607.845;164.329;;;;;;;;
windows;400;85;36.579;822.301;12.360.601;164.467;;;;;;;;
windows;400;86;364.624;811.012;1.239.932;164.803;;;;;;;;
windows;400;87;371.038;785.372;12.376.719;164.775;;;;;;;;
windows;400;88;372.531;81.616;12.344.087;167.418;;;;;;;;
windows;400;89;367.947;806.628;12.371.633;164.256;;;;;;;;
windows;400;90;368.028;856.221;12.335.895;163.784;;;;;;;;
windows;400;91;369.542;827.465;12.354.873;164.778;;;;;;;;
windows;400;92;368.757;82.359;14.182.013;164.582;;;;;;;;
windows;400;93;365.305;81.425;12.364.588;166.164;;;;;;;;
windows;400;94;369.357;806.113;14.169.867;16.48;;;;;;;;
windows;400;95;366.147;804.738;14.173.231;164.771;;;;;;;;
windows;400;96;365.837;806.101;14.175.579;164.851;;;;;;;;
windows;400;97;366.938;804.653;14.174.808;165.532;;;;;;;;
windows;400;98;367.583;797.941;14.170.871;164.602;;;;;;;;
windows;400;99;365.939;802.418;14.171.568;164.597;;;;;;;;
windows;400;100;367.287;802.808;12.330.226;164.497;;;;;;;;
windows;500;1;538.322;943.285;1.542.165;205.533;;;;;;;;
windows;500;2;513.086;949.606;1.771.365;20.603;;;;;;;;
windows;500;3;518.174;947.572;15.429.516;204.996;;;;;;;;
windows;500;4;515.849;94.153;15.403.762;205.572;;;;;;;;
windows;500;5;514.482;951.175;15.422.474;206.202;;;;;;;;
windows;500;6;518.342;951.682;17.725.352;205.906;;;;;;;;
windows;500;7;518.795;951.072;1.541.116;206.606;;;;;;;;
windows;500;8;520.689;949.137;15.401.861;205.434;;;;;;;;
windows;500;9;521.382;938.763;15.421.696;206.056;;;;;;;;
windows;500;10;522.288;939.218;17.713.057;205.213;;;;;;;;
windows;500;11;524.706;933.395;17.719.208;205.113;;;;;;;;
windows;500;12;524.575;941.505;17.716.023;20.532;;;;;;;;
windows;500;13;526.011;922.815;17.716.339;205.434;;;;;;;;
windows;500;14;52.803;925.488;17.716.009;204.646;;;;;;;;
windows;500;15;481.008;912.524;17.716.375;203.488;;;;;;;;
windows;500;16;530.643;925.289;17.717.821;205.074;;;;;;;;
windows;500;17;53.425;921.136;17.736.003;204.215;;;;;;;;
windows;500;18;538.639;923.211;17.728.636;203.789;;;;;;;;
windows;500;19;539.201;922.612;17.721.667;203.682;;;;;;;;
windows;500;20;537.819;920.687;17.721.563;204.415;;;;;;;;
windows;500;21;539.517;921.578;15.436.014;203.799;;;;;;;;
windows;500;22;539.333;926.464;17.717.874;204.589;;;;;;;;
windows;500;23;539.085;925.982;17.719.571;204.752;;;;;;;;
windows;500;24;53.935;923.815;17.716.761;204.236;;;;;;;;
windows;500;25;538.451;923.702;15.610.569;205.032;;;;;;;;
windows;500;26;542.785;935.457;15.443.496;204.566;;;;;;;;
windows;500;27;545.224;92.804;15.489.365;203.341;;;;;;;;
windows;500;28;544.063;944.938;15.451.642;209.454;;;;;;;;
windows;500;29;521.306;933.296;1547.02;204.803;;;;;;;;
windows;500;30;548.549;942.279;15.479.795;210.389;;;;;;;;
windows;500;31;542.293;935.043;15.437.587;205.716;;;;;;;;
windows;500;32;545.191;957.215;15.469.561;206.429;;;;;;;;
windows;500;33;541.615;936.658;15.443.949;204.362;;;;;;;;
windows;500;34;541.142;925.881;15.496.714;203.327;;;;;;;;
windows;500;35;539.129;942.623;1.544.106;203.737;;;;;;;;
windows;500;36;540.614;937.163;15.417.469;210.143;;;;;;;;
windows;500;37;536.497;92.664;16.998.265;205.167;;;;;;;;
windows;500;38;538.465;927.569;15.427.543;206.653;;;;;;;;
windows;500;39;53.895;935.722;15.457.653;203.292;;;;;;;;
windows;500;40;538.406;924.699;15.524.108;206.525;;;;;;;;
windows;500;41;542.838;919.503;15.443.238;202.905;;;;;;;;
windows;500;42;536.086;926.077;15.405.798;205.382;;;;;;;;
windows;500;43;537.753;92.978;15.411.352;209.065;;;;;;;;
windows;500;44;536.129;936.072;15.425.943;203.362;;;;;;;;
windows;500;45;535.113;924.724;1543.67;204.615;;;;;;;;
windows;500;46;539.229;926.567;15.481.256;225.893;;;;;;;;
windows;500;47;452.098;928.618;17.765.507;206.992;;;;;;;;
windows;500;48;538.416;101.742;17.713.085;207.564;;;;;;;;
windows;500;49;497.983;980.415;17.630.446;207.525;;;;;;;;
windows;500;50;48.911;982.069;17.727.837;206.494;;;;;;;;
windows;500;51;490.823;976.721;17.725.346;207.678;;;;;;;;
windows;500;52;49.075;980.629;17.718.297;206.969;;;;;;;;
windows;500;53;492.268;976.713;17.725.282;206.891;;;;;;;;
windows;500;54;492.466;982.627;17.729.111;206.499;;;;;;;;
windows;500;55;492.382;975.806;17.728.024;207.199;;;;;;;;
windows;500;56;493.745;98.288;17.723.219;206.997;;;;;;;;
windows;500;57;493.721;977.067;16.980.721;206.285;;;;;;;;
windows;500;58;49.561;989.275;15.611.491;207.263;;;;;;;;
windows;500;59;473.024;931.804;17.729.786;206.651;;;;;;;;
windows;500;60;497.092;969.134;1543.15;207.355;;;;;;;;
windows;500;61;499.316;968.866;15.424.701;206.311;;;;;;;;
windows;500;62;499.201;966.675;17.713.794;206.861;;;;;;;;
windows;500;63;502.972;967.775;16.467.941;207.409;;;;;;;;
windows;500;64;500.609;975.896;17.734.213;206.871;;;;;;;;
windows;500;65;501.315;969.946;17.447.595;206.985;;;;;;;;
windows;500;66;505.708;925.355;17.713.298;206.434;;;;;;;;
windows;500;67;503.391;957.347;17.711.885;206.844;;;;;;;;
windows;500;68;505.705;958.759;17.714.804;207.321;;;;;;;;
windows;500;69;505.727;960.739;17.717.362;205.962;;;;;;;;
windows;500;70;504.626;959.505;17.717.746;206.267;;;;;;;;
windows;500;71;506.553;960.161;17.711.701;207.457;;;;;;;;
windows;500;72;505.669;95.697;17.713.247;207.014;;;;;;;;
windows;500;73;509.069;963.284;16.816.908;207.228;;;;;;;;
windows;500;74;507.354;963.467;17.734.626;206.607;;;;;;;;
windows;500;75;504.423;959.754;17.719.798;207.108;;;;;;;;
windows;500;76;506.386;954.683;15.414.434;207.484;;;;;;;;
windows;500;77;50.097;927.214;17.720.645;207.204;;;;;;;;
windows;500;78;507.993;956.052;17.718.977;207.381;;;;;;;;
windows;500;79;508.167;958.962;17.729.606;206.496;;;;;;;;
windows;500;80;506.426;962.871;17.798.595;206.921;;;;;;;;
windows;500;81;511.379;954.716;15.432.409;207.447;;;;;;;;
windows;500;82;509.292;949.838;17.728.929;206.724;;;;;;;;
windows;500;83;507.233;950.989;17.751.517;205.873;;;;;;;;
windows;500;84;508.583;952.817;15.432.316;205.805;;;;;;;;
windows;500;85;509.279;949.552;17.713.112;205.263;;;;;;;;
windows;500;86;499.872;917.014;17.713.062;20.527;;;;;;;;
windows;500;87;512.479;943.243;17.717.071;205.843;;;;;;;;
windows;500;88;514.323;945.242;17.724.351;204.967;;;;;;;;
windows;500;89;515.445;938.406;17.739.439;205.069;;;;;;;;
windows;500;90;518.663;936.473;15.427.765;205.766;;;;;;;;
windows;500;91;518.274;941.435;17.746.155;205.503;;;;;;;;
windows;500;92;52.19;940.177;15.436.161;204.744;;;;;;;;
windows;500;93;528.251;932.806;1.542.313;205.435;;;;;;;;
windows;500;94;532.129;931.973;15.434.132;204.074;;;;;;;;
windows;500;95;535.155;924.741;15.428.218;20.514;;;;;;;;
windows;500;96;539.234;929.291;1.541.509;205.643;;;;;;;;
windows;500;97;540.241;933.762;15.425.511;203.929;;;;;;;;
windows;500;98;53.752;929.872;15.437.546;20.455;;;;;;;;
windows;500;99;539.336;922.656;15.444.905;203.863;;;;;;;;
windows;500;100;539.157;918.017;17.724.425;203.836;;;;;;;;
windows;600;1;520.474;1.101.254;18.518.584;243.858;;;;;;;;
windows;600;2;641.894;1.115.723;1.851.645;243.869;;;;;;;;
windows;600;3;645.573;1.122.149;18.508.963;242.585;;;;;;;;
windows;600;4;645.208;1.110.085;19.975.234;245.404;;;;;;;;
windows;600;5;659.416;1.127.901;18.597.694;243.472;;;;;;;;
windows;600;6;652.194;1.108.762;18.640.336;243.547;;;;;;;;
windows;600;7;654.031;1.150.888;18.911.704;246.284;;;;;;;;
windows;600;8;652.437;1.154.562;18.641.606;242.617;;;;;;;;
windows;600;9;649.405;1.124.504;18.559.715;244.416;;;;;;;;
windows;600;10;650.727;1.115.813;18.575.143;241.465;;;;;;;;
windows;600;11;646.244;1.140.984;18.591.036;244.984;;;;;;;;
windows;600;12;64.829;1.126.626;18.503.755;243.332;;;;;;;;
windows;600;13;649.259;1.121.409;1.852.282;244.823;;;;;;;;
windows;600;14;604.449;1.111.182;1.850.932;244.587;;;;;;;;
windows;600;15;647.981;1.116.055;1.852.909;243.839;;;;;;;;
windows;600;16;644.733;1.129.419;21.264.725;243.972;;;;;;;;
windows;600;17;644.013;112.836;21.260.904;245.032;;;;;;;;
windows;600;18;653.274;1.118.949;21.264.054;244.564;;;;;;;;
windows;600;19;647.807;111.941;20.567.015;249.262;;;;;;;;
windows;600;20;67.083;116.266;18.785.309;246.947;;;;;;;;
windows;600;21;655.676;1.125.874;1.864.049;243.324;;;;;;;;
windows;600;22;644.908;1.122.343;1.854.186;247.477;;;;;;;;
windows;600;23;65.277;1.130.255;18.621.656;242.211;;;;;;;;
windows;600;24;654.526;1.134.306;18.577.215;244.535;;;;;;;;
windows;600;25;648.195;1.109.617;18.556.219;246.708;;;;;;;;
windows;600;26;653.905;1.113.973;18.852.768;242.827;;;;;;;;
windows;600;27;646.891;1.123.351;18.517.472;242.145;;;;;;;;
windows;600;28;649.004;1.115.182;18.529.054;243.372;;;;;;;;
windows;600;29;646.529;1.115.781;18.763.821;243.461;;;;;;;;
windows;600;30;596.276;1.118.159;18.522.294;242.982;;;;;;;;
windows;600;31;645.135;1.120.871;18.667.555;247.922;;;;;;;;
windows;600;32;658.137;1.112.086;18.521.948;242.308;;;;;;;;
windows;600;33;641.686;1.116.071;18.518.636;245.938;;;;;;;;
windows;600;34;644.465;1.111.944;18.523.674;246.671;;;;;;;;
windows;600;35;645.962;1.096.711;18.558.607;242.867;;;;;;;;
windows;600;36;644.044;1.102.652;18.534.395;244.261;;;;;;;;
windows;600;37;646.407;1.104.744;19.361.247;242.196;;;;;;;;
windows;600;38;643.462;1.099.397;1.895.352;242.544;;;;;;;;
windows;600;39;644.151;1.100.656;18.532.014;244.217;;;;;;;;
windows;600;40;64.76;1.118.651;21.303.966;243.847;;;;;;;;
windows;600;41;598.354;1.099.963;18.523.929;24.29;;;;;;;;
windows;600;42;654.619;1.132.935;18.535.759;241.138;;;;;;;;
windows;600;43;64.491;1.131.075;18.600.341;245.329;;;;;;;;
windows;600;44;655.097;1.127.562;18.554.255;241.224;;;;;;;;
windows;600;45;645.838;1.115.072;18.634.568;243.076;;;;;;;;
windows;600;46;652.714;1.132.483;18.579.864;240.687;;;;;;;;
windows;600;47;646.451;1.133.904;18.754.071;243.246;;;;;;;;
windows;600;48;645.603;1.115.005;18.601.491;243.954;;;;;;;;
windows;600;49;649.329;1.107.876;19.696.166;243.578;;;;;;;;
windows;600;50;644.977;1.111.961;1.855.133;242.725;;;;;;;;
windows;600;51;643.978;1.114.548;18.601.629;243.146;;;;;;;;
windows;600;52;64.785;1.119.892;18.579.993;242.539;;;;;;;;
windows;600;53;644.673;1.111.734;1.888.499;241.518;;;;;;;;
windows;600;54;648.333;1.131.878;18.520.997;241.213;;;;;;;;
windows;600;55;621.397;1.117.912;1.857.383;253.733;;;;;;;;
windows;600;56;544.051;111.166;18.865.896;243.241;;;;;;;;
windows;600;57;63.864;1.137.799;18.522.938;243.085;;;;;;;;
windows;600;58;632.325;1.134.994;1.853.414;243.001;;;;;;;;
windows;600;59;620.675;1.147.483;18.513.985;243.167;;;;;;;;
windows;600;60;62.425;1.134.097;18.819.516;244.157;;;;;;;;
windows;600;61;639.453;1.122.929;18.527.506;245.483;;;;;;;;
windows;600;62;631.394;1.148.837;18.534.345;245.937;;;;;;;;
windows;600;63;633.596;1.132.052;18.511.717;247.734;;;;;;;;
windows;600;64;630.164;1.124.299;18.527.455;244.653;;;;;;;;
windows;600;65;630.551;1.138.307;18.542.416;243.676;;;;;;;;
windows;600;66;628.358;1.156.915;18.574.756;246.841;;;;;;;;
windows;600;67;628.597;1.156.484;18.535.492;245.802;;;;;;;;
windows;600;68;566.038;118.295;2.127.359;242.661;;;;;;;;
windows;600;69;575.152;1.166.899;20.720.951;24.455;;;;;;;;
windows;600;70;576.627;1.169.239;21.258.079;243.764;;;;;;;;
windows;600;71;577.216;1.162.685;20.588.081;243.814;;;;;;;;
windows;600;72;579.433;1.167.431;21.265.433;242.947;;;;;;;;
windows;600;73;580.849;116.194;2.127.499;243.678;;;;;;;;
windows;600;74;584.439;1.163.309;18.519.287;243.642;;;;;;;;
windows;600;75;585.972;1.159.201;18.941.879;247.563;;;;;;;;
windows;600;76;587.655;1.156.924;18.538.996;245.802;;;;;;;;
windows;600;77;587.066;1.154.541;18.521.528;244.668;;;;;;;;
windows;600;78;585.051;1.165.176;18.556.756;244.269;;;;;;;;
windows;600;79;584.652;1.163.965;19.149.266;245.496;;;;;;;;
windows;600;80;601.328;1.102.173;18.507.898;261.484;;;;;;;;
windows;600;81;52.738;1.110.262;1.851.536;243.997;;;;;;;;
windows;600;82;604.012;1.161.491;1.850.511;243.775;;;;;;;;
windows;600;83;608.034;1.143.023;20.974.907;246.324;;;;;;;;
windows;600;84;603.106;116.362;18.597.871;246.316;;;;;;;;
windows;600;85;599.802;1.153.489;2.127.028;246.362;;;;;;;;
windows;600;86;599.988;115.19;19.480.507;246.897;;;;;;;;
windows;600;87;604.582;1.155.093;1.854.678;247.561;;;;;;;;
windows;600;88;580.769;1.105.162;19.591.913;244.398;;;;;;;;
windows;600;89;605.787;1.157.156;18.562.615;245.469;;;;;;;;
windows;600;90;607.085;1.146.619;18.694.377;246.559;;;;;;;;
windows;600;91;619.747;114.921;18.545.229;245.954;;;;;;;;
windows;600;92;622.566;1.157.459;18.573.297;246.126;;;;;;;;
windows;600;93;621.529;1.142.704;18.629.146;246.329;;;;;;;;
windows;600;94;606.583;1.147.563;18.616.662;248.121;;;;;;;;
windows;600;95;619.091;1.160.505;18.698.927;247.979;;;;;;;;
windows;600;96;617.811;1.189.921;18.684.501;25.197;;;;;;;;
windows;600;97;681.327;118.15;18.623.091;245.866;;;;;;;;
windows;600;98;644.124;1.131.247;19.078.765;244.013;;;;;;;;
windows;600;99;636.346;1.153.213;21.374.206;244.799;;;;;;;;
windows;600;100;613.485;1.139.205;18.546.675;245.903;;;;;;;;
windows;700;1;762.739;1.290.281;21.674.606;290.888;;;;;;;;
windows;700;2;770.471;1.372.702;21.652.922;294.472;;;;;;;;
windows;700;3;709.015;1.356.584;21.642.641;289.273;;;;;;;;
windows;700;4;704.018;1.357.889;21.620.343;289.824;;;;;;;;
windows;700;5;715.791;132.586;21.612.966;290.873;;;;;;;;
windows;700;6;704.508;134.861;21.619.681;289.768;;;;;;;;
windows;700;7;70.339;136.945;21.737.579;291.581;;;;;;;;
windows;700;8;707.511;1.379.109;2.165.534;291.987;;;;;;;;
windows;700;9;722.327;1.368.018;21.636.944;290.512;;;;;;;;
windows;700;10;723.309;133.012;21.620.406;29.426;;;;;;;;
windows;700;11;705.264;1.385.365;21.644.655;293.885;;;;;;;;
windows;700;12;706.459;1.367.133;21.695.367;292.344;;;;;;;;
windows;700;13;70.969;1.357.586;21.622.458;292.646;;;;;;;;
windows;700;14;703.575;1.375.595;22.835.718;292.828;;;;;;;;
windows;700;15;711.406;1.354.797;21.824.248;296.255;;;;;;;;
windows;700;16;713.982;1.404.799;21.742.137;297.377;;;;;;;;
windows;700;17;712.039;136.192;21.628.472;290.429;;;;;;;;
windows;700;18;71.576;1.348.455;21.641.523;293.087;;;;;;;;
windows;700;19;720.619;1.364.621;22.347.314;291.343;;;;;;;;
windows;700;20;718.999;1.365.102;21.651.134;292.275;;;;;;;;
windows;700;21;740.279;1.343.127;21.643.442;28.977;;;;;;;;
windows;700;22;687.827;130.093;24.355.115;290.254;;;;;;;;
windows;700;23;727.127;1.342.793;22.014.096;293.239;;;;;;;;
windows;700;24;739.843;1.343.509;21.626.391;290.645;;;;;;;;
windows;700;25;723.108;1.366.325;21.633.675;299.284;;;;;;;;
windows;700;26;72.602;1.423.129;21.969.206;292.679;;;;;;;;
windows;700;27;721.557;1.326.852;2.163.203;315.639;;;;;;;;
windows;700;28;731.639;1.333.712;22.199.627;293.271;;;;;;;;
windows;700;29;761.993;1.371.787;21.700.935;289.304;;;;;;;;
windows;700;30;734.113;1.321.509;21.768.803;299.069;;;;;;;;
windows;700;31;663.822;1.318.625;21.675.835;29.079;;;;;;;;
windows;700;32;73.475;1.347.557;21.724.191;289.658;;;;;;;;
windows;700;33;741.334;1.338.137;21.644.312;288.934;;;;;;;;
windows;700;34;735.727;1.344.957;22.970.444;291.853;;;;;;;;
windows;700;35;743.523;1.316.511;21.668.625;295.361;;;;;;;;
windows;700;36;754.061;1.350.978;22.114.464;31.681;;;;;;;;
windows;700;37;767.585;1.330.865;21.985.743;286.651;;;;;;;;
windows;700;38;759.236;1.294.429;21.772.714;288.663;;;;;;;;
windows;700;39;736.421;1.337.348;21.670.916;285.697;;;;;;;;
windows;700;40;721.759;1.345.102;2.169.701;283.383;;;;;;;;
windows;700;41;706.354;1.378.127;2.167.872;28.577;;;;;;;;
windows;700;42;695.355;1.378.198;21.656.407;285.801;;;;;;;;
windows;700;43;676.244;1.394.594;21.632.725;284.925;;;;;;;;
windows;700;44;684.783;1.400.712;21.627.705;285.685;;;;;;;;
windows;700;45;662.118;1.418.009;23.650.278;285.671;;;;;;;;
windows;700;46;676.165;1.401.652;21.810.742;309.205;;;;;;;;
windows;700;47;717.392;1.419.411;21.987.741;284.883;;;;;;;;
windows;700;48;697.341;141.376;21.929.025;296.007;;;;;;;;
windows;700;49;707.521;1.416.892;21.785.639;346.202;;;;;;;;
windows;700;50;696.099;1.408.497;21.708.941;292.506;;;;;;;;
windows;700;51;697.282;1.404.554;21.719.935;292.441;;;;;;;;
windows;700;52;657.205;1.302.688;24.814.756;289.988;;;;;;;;
windows;700;53;68.398;1.375.191;21.743.186;288.033;;;;;;;;
windows;700;54;681.653;1.400.915;21.627.053;289.591;;;;;;;;
windows;700;55;69.768;142.124;21.954.097;290.773;;;;;;;;
windows;700;56;721.587;1.343.728;21.627.944;293.127;;;;;;;;
windows;700;57;672.358;1.389.023;2.162.335;300.795;;;;;;;;
windows;700;58;686.692;1.479.918;21.767.033;28.987;;;;;;;;
windows;700;59;675.097;1.421.519;21.777.853;298.227;;;;;;;;
windows;700;60;688.302;1.411.176;21.998.351;291.262;;;;;;;;
windows;700;61;683.747;144.728;22.055.057;297.478;;;;;;;;
windows;700;62;688.416;1.397.376;21.840.596;29.44;;;;;;;;
windows;700;63;687.469;1.408.206;21.691.148;297.744;;;;;;;;
windows;700;64;684.167;1.397.468;21.705.357;295.455;;;;;;;;
windows;700;65;75.859;133.995;2.175.635;286.866;;;;;;;;
windows;700;66;765.807;1.313.637;21.670.293;292.972;;;;;;;;
windows;700;67;721.007;1.348.568;21.680.575;290.065;;;;;;;;
windows;700;68;722.485;1.278.065;21.685.743;29.026;;;;;;;;
windows;700;69;713.186;1.356.283;21.709.726;383.778;;;;;;;;
windows;700;70;701.393;1.368.348;21.666.323;287.906;;;;;;;;
windows;700;71;701.837;136.617;21.676.462;294.507;;;;;;;;
windows;700;72;687.585;1.406.299;21.730.087;290.803;;;;;;;;
windows;700;73;690.102;1.303.827;21.704.446;288.537;;;;;;;;
windows;700;74;699.481;1.386.189;21.705.314;28.879;;;;;;;;
windows;700;75;699.629;1.471.706;21.980.653;291.298;;;;;;;;
windows;700;76;745.049;1.329.333;21.691.437;288.122;;;;;;;;
windows;700;77;72.789;1.342.435;21.694.605;29.042;;;;;;;;
windows;700;78;716.183;1.395.677;21.756.203;284.936;;;;;;;;
windows;700;79;726.222;1.362.251;21.732.434;283.294;;;;;;;;
windows;700;80;70.76;1.374.861;21.722.918;286.664;;;;;;;;
windows;700;81;70.829;1.406.587;21.723.416;294.653;;;;;;;;
windows;700;82;796.557;1.328.325;21.858.616;296.623;;;;;;;;
windows;700;83;75.968;1.363.142;21.928.848;291.972;;;;;;;;
windows;700;84;723.988;1.356.704;21.724.529;287.954;;;;;;;;
windows;700;85;714.014;1.321.173;21.940.125;292.672;;;;;;;;
windows;700;86;73.973;1.357.118;21.831.523;289.843;;;;;;;;
windows;700;87;762.615;1.355.034;21.896.766;297.225;;;;;;;;
windows;700;88;749.565;1.355.339;21.781.104;287.413;;;;;;;;
windows;700;89;775.045;133.975;21.757.835;294.338;;;;;;;;
windows;700;90;726.347;1.400.708;21.902.497;284.495;;;;;;;;
windows;700;91;717.088;1.409.559;21.928.468;290.178;;;;;;;;
windows;700;92;713.852;1.354.371;22.209.689;294.466;;;;;;;;
windows;700;93;682.185;1.444.172;22.284.957;304.162;;;;;;;;
windows;700;94;655.883;1.436.413;21.981.921;286.929;;;;;;;;
windows;700;95;710.799;1.468.001;22.233.058;311.262;;;;;;;;
windows;700;96;674.488;1.452.062;22.382.696;28.464;;;;;;;;
windows;700;97;67.135;1.442.323;22.847.962;289.655;;;;;;;;
windows;700;98;842.701;1.431.971;2.247.114;305.495;;;;;;;;
windows;700;99;755.376;1.419.491;2.226.916;284.518;;;;;;;;
windows;700;100;726.143;1.433.168;21.909.697;300.776;;;;;;;;
windows;800;1;894.537;1.584.919;25.198.925;334.747;;;;;;;;
windows;800;2;832.186;1.569.033;24.969.617;337.639;;;;;;;;
windows;800;3;831.069;1.582.955;24.749.412;335.382;;;;;;;;
windows;800;4;826.756;1.589.144;24.840.477;33.892;;;;;;;;
windows;800;5;840.555;154.513;24.923.491;339.478;;;;;;;;
windows;800;6;84.404;1.543.754;25.004.945;338.687;;;;;;;;
windows;800;7;861.154;1.580.515;25.010.194;337.923;;;;;;;;
windows;800;8;86.285;1.566.856;24.997.713;335.012;;;;;;;;
windows;800;9;837.087;1.552.329;24.908.229;365.109;;;;;;;;
windows;800;10;823.918;1.568.584;25.028.853;356.332;;;;;;;;
windows;800;11;718.045;1.522.579;25.056.136;33.577;;;;;;;;
windows;800;12;82.076;1.586.597;24.877.669;338.234;;;;;;;;
windows;800;13;821.439;1.557.119;25.158.849;336.059;;;;;;;;
windows;800;14;848.574;1.613.813;25.885.243;358.256;;;;;;;;
windows;800;15;84.112;1.565.622;24.835.389;34.089;;;;;;;;
windows;800;16;824.491;1.512.328;24.940.552;334.848;;;;;;;;
windows;800;17;820.075;1.540.331;24.921.073;333.033;;;;;;;;
windows;800;18;819.877;1.595.749;24.886.861;333.914;;;;;;;;
windows;800;19;816.483;1.552.581;25.269.179;335.541;;;;;;;;
windows;800;20;777.602;1.621.031;25.360.701;349.385;;;;;;;;
windows;800;21;782.676;1.813.715;26.543.826;366.215;;;;;;;;
windows;800;22;824.117;1.625.102;25.080.224;35.675;;;;;;;;
windows;800;23;805.134;1.630.066;26.161.777;347.726;;;;;;;;
windows;800;24;824.286;156.377;24.783.279;33.569;;;;;;;;
windows;800;25;796.512;1.547.832;25.132.977;367.076;;;;;;;;
windows;800;26;712.065;147.902;24.715.667;335.081;;;;;;;;
windows;800;27;792.363;1.561.896;28.338.189;333.372;;;;;;;;
windows;800;28;790.063;1.568.796;24.677.782;333.269;;;;;;;;
windows;800;29;791.549;1.571.825;28.337.299;333.402;;;;;;;;
windows;800;30;791.731;1.567.844;27.827.473;333.903;;;;;;;;
windows;800;31;819.111;1.642.336;25.299.122;343.777;;;;;;;;
windows;800;32;870.759;1.696.948;24.924.093;349.878;;;;;;;;
windows;800;33;823.036;1.575.676;24.734.595;335.857;;;;;;;;
windows;800;34;808.598;1.563.867;26.044.787;343.792;;;;;;;;
windows;800;35;781.316;1.523.822;24.762.919;332.952;;;;;;;;
windows;800;36;71.029;1.634.876;24.784.685;33.56;;;;;;;;
windows;800;37;723.531;1.631.154;24.790.414;340.021;;;;;;;;
windows;800;38;727.412;1.650.251;24.793.574;335.774;;;;;;;;
windows;800;39;779.051;1.520.888;24.809.564;337.045;;;;;;;;
windows;800;40;727.774;1.657.173;24.786.932;335.325;;;;;;;;
windows;800;41;775.216;1.779.118;25.091.968;340.831;;;;;;;;
windows;800;42;810.912;1.633.141;24.821.018;336.981;;;;;;;;
windows;800;43;781.274;1.488.428;24.987.168;340.301;;;;;;;;
windows;800;44;872.808;1.507.716;24.771.518;339.498;;;;;;;;
windows;800;45;854.549;1.553.455;24.905.964;332.341;;;;;;;;
windows;800;46;893.108;1.522.859;2.488.342;332.143;;;;;;;;
windows;800;47;833.936;1.581.424;24.897.011;332.889;;;;;;;;
windows;800;48;839.954;156.949;24.920.008;334.543;;;;;;;;
windows;800;49;800.201;1.614.794;25.203.782;34.89;;;;;;;;
windows;800;50;797.916;161.279;25.357.183;33.757;;;;;;;;
windows;800;51;772.555;1.701.826;26.971.027;331.427;;;;;;;;
windows;800;52;811.832;1.728.011;25.656.967;341.527;;;;;;;;
windows;800;53;756.375;1.504.481;24.769.815;333.146;;;;;;;;
windows;800;54;776.761;1.613.295;25.198.897;363.781;;;;;;;;
windows;800;55;780.394;1.657.079;24.940.065;330.096;;;;;;;;
windows;800;56;762.913;1.640.655;24.901.748;329.152;;;;;;;;
windows;800;57;769.546;1.639.325;24.931.472;35.366;;;;;;;;
windows;800;58;76.373;1.626.333;24.904.813;331.334;;;;;;;;
windows;800;59;756.343;1.644.261;2.496.024;332.552;;;;;;;;
windows;800;60;769.476;164.302;2.492.501;349.525;;;;;;;;
windows;800;61;783.148;1.659.131;24.756.411;332.927;;;;;;;;
windows;800;62;762.261;1.599.545;24.808.222;336.259;;;;;;;;
windows;800;63;845.653;1.547.682;24.861.303;331.614;;;;;;;;
windows;800;64;87.646;1.507.737;2.483.825;335.947;;;;;;;;
windows;800;65;841.531;1.538.598;24.809.364;335.189;;;;;;;;
windows;800;66;83.311;1.577.937;24.807.882;329.431;;;;;;;;
windows;800;67;825.953;1.618.241;24.848.663;340.745;;;;;;;;
windows;800;68;825.576;1.645.539;24.802.702;341.062;;;;;;;;
windows;800;69;770.598;1.633.634;25.346.113;342.949;;;;;;;;
windows;800;70;869.971;1.533.968;25.646.753;356.495;;;;;;;;
windows;800;71;709.872;1.736.353;25.365.205;337.967;;;;;;;;
windows;800;72;733.562;1.764.461;25.067.095;331.309;;;;;;;;
windows;800;73;725.593;1.674.692;25.235.242;332.905;;;;;;;;
windows;800;74;724.387;1.644.746;28.104.209;338.215;;;;;;;;
windows;800;75;726.615;1.621.098;24.741.175;337.278;;;;;;;;
windows;800;76;696.316;1.591.318;28.410.488;340.235;;;;;;;;
windows;800;77;708.242;1.636.356;24.878.198;330.882;;;;;;;;
windows;800;78;697.957;1.610.527;25.091.717;381.252;;;;;;;;
windows;800;79;719.532;1.626.177;25.226.149;340.505;;;;;;;;
windows;800;80;699.793;1.612.736;25.135.032;347.487;;;;;;;;
windows;800;81;715.608;163.974;24.834.002;383.677;;;;;;;;
windows;800;82;683.505;1.525.167;24.696.888;334.717;;;;;;;;
windows;800;83;702.187;1.601.578;24.795.998;33.474;;;;;;;;
windows;800;84;700.019;1.611.027;24.729.741;335.122;;;;;;;;
windows;800;85;698.058;1.613.954;24.694.172;334.106;;;;;;;;
windows;800;86;772.856;1.506.337;24.671.212;335.035;;;;;;;;
windows;800;87;69.591;1.609.154;27.487.631;331.231;;;;;;;;
windows;800;88;720.483;1.759.377;24.791.204;338.927;;;;;;;;
windows;800;89;706.712;161.49;24.711.519;336.195;;;;;;;;
windows;800;90;702.377;1.629.636;24.706.111;336.282;;;;;;;;
windows;800;91;776.983;1.517.442;24.815.288;335.042;;;;;;;;
windows;800;92;700.312;1.626.983;24.747.314;335.379;;;;;;;;
windows;800;93;701.689;160.233;24.732.903;335.445;;;;;;;;
windows;800;94;700.573;1.605.637;2.481.744;342.096;;;;;;;;
windows;800;95;708.434;1.633.692;24.752.559;338.308;;;;;;;;
windows;800;96;702.711;1.617.318;27.106.378;340.746;;;;;;;;
windows;800;97;712.546;1.648.431;24.815.589;335.059;;;;;;;;
windows;800;98;699.883;1.605.233;24.686.329;335.054;;;;;;;;
windows;800;99;70.896;1.602.207;24.667.488;337.509;;;;;;;;
windows;800;100;702.135;1.651.247;24.742.384;335.472;;;;;;;;
windows;900;1;925.834;1.849.132;27.858.162;376.895;;;;;;;;
windows;900;2;808.124;1.921.952;27.915.731;374.999;;;;;;;;
windows;900;3;801.715;1.824.709;31.884.113;377.024;;;;;;;;
windows;900;4;799.139;185.928;31.883.777;37.52;;;;;;;;
windows;900;5;801.915;1.820.495;31.883.325;378.061;;;;;;;;
windows;900;6;801.658;1.860.872;31.883.869;375.672;;;;;;;;
windows;900;7;801.236;183.683;31.888.084;376.769;;;;;;;;
windows;900;8;798.948;1.853.698;3188.36;375.033;;;;;;;;
windows;900;9;80.032;1.842.961;29.635.566;37.844;;;;;;;;
windows;900;10;805.172;190.105;29.418.098;381.488;;;;;;;;
windows;900;11;805.031;1.863.854;3.018.974;377.844;;;;;;;;
windows;900;12;802.535;1.851.636;27.893.572;374.927;;;;;;;;
windows;900;13;80.144;1.874.165;31.883.138;377.577;;;;;;;;
windows;900;14;799.804;1.860.165;3.188.327;375.468;;;;;;;;
windows;900;15;801.865;1.867.844;31.883.008;376.214;;;;;;;;
windows;900;16;798.814;1.858.381;31.883.239;375.019;;;;;;;;
windows;900;17;802.658;1.863.976;31.882.472;377.181;;;;;;;;
windows;900;18;798.404;1.844.113;31.899.078;37.539;;;;;;;;
windows;900;19;805.138;1.831.751;31.907.387;376.743;;;;;;;;
windows;900;20;798.797;1.830.155;3.190.091;375.318;;;;;;;;
windows;900;21;804.736;1.825.618;31.906.654;376.252;;;;;;;;
windows;900;22;800.329;1.826.733;31.899.952;374.751;;;;;;;;
windows;900;23;80.224;1.824.444;31.922.751;377.438;;;;;;;;
windows;900;24;799.183;1.831.286;3.192.005;374.886;;;;;;;;
windows;900;25;800.589;1.825.724;29.905.736;376.402;;;;;;;;
windows;900;26;870.333;1.660.861;28.227.895;375.754;;;;;;;;
windows;900;27;799.071;1.830.525;27.934.813;377.253;;;;;;;;
windows;900;28;797.841;1.851.279;31.907.692;382.343;;;;;;;;
windows;900;29;810.158;1.892.545;31.916.645;377.858;;;;;;;;
windows;900;30;797.095;1.863.555;31.897.642;377.525;;;;;;;;
windows;900;31;796.925;1.858.546;31.890.524;377.414;;;;;;;;
windows;900;32;79.797;1.887.518;31.892.868;378.482;;;;;;;;
windows;900;33;797.931;1.853.669;31.895.864;378.332;;;;;;;;
windows;900;34;797.511;1.864.118;3.189.009;377.678;;;;;;;;
windows;900;35;797.006;1.860.077;31.895.764;377.632;;;;;;;;
windows;900;36;798.248;1.863.864;31.891.762;377.203;;;;;;;;
windows;900;37;797.732;1.853.242;31.896.388;377.616;;;;;;;;
windows;900;38;796.414;1.863.747;31.889.567;377.201;;;;;;;;
windows;900;39;796.899;1.860.539;31.895.776;377.073;;;;;;;;
windows;900;40;798.306;1.863.884;31.897.059;377.841;;;;;;;;
windows;900;41;804.961;1.847.838;27.718.503;376.669;;;;;;;;
windows;900;42;799.049;1.840.173;31.920.878;375.508;;;;;;;;
windows;900;43;799.143;183.074;31.893.579;37.687;;;;;;;;
windows;900;44;799.903;1.827.203;29.871.548;376.552;;;;;;;;
windows;900;45;872.376;1.676.194;3.191.406;377.026;;;;;;;;
windows;900;46;797.239;1.838.084;31.913.329;377.689;;;;;;;;
windows;900;47;796.276;1.813.859;31.917.322;376.981;;;;;;;;
windows;900;48;797.788;1.840.231;3.192.911;377.703;;;;;;;;
windows;900;49;798.931;1.802.355;3.191.237;377.567;;;;;;;;
windows;900;50;797.865;1.838.588;3.193.554;377.902;;;;;;;;
windows;900;51;797.176;1.802.375;31.930.659;377.452;;;;;;;;
windows;900;52;797.409;1.837.285;31.937.002;378.469;;;;;;;;
windows;900;53;800.092;1.810.324;29.154.721;376.312;;;;;;;;
windows;900;54;799.122;1.828.806;27.745.429;377.321;;;;;;;;
windows;900;55;79.937;1.829.245;31.947.877;377.017;;;;;;;;
windows;900;56;798.909;1.827.597;31.898.541;376.824;;;;;;;;
windows;900;57;79.946;1.844.929;31.898.823;377.308;;;;;;;;
windows;900;58;801.782;1.847.617;31.898.203;377.554;;;;;;;;
windows;900;59;799.051;1.853.762;31.899.196;377.337;;;;;;;;
windows;900;60;800.016;1.845.776;31.898.273;377.173;;;;;;;;
windows;900;61;80.39;1.853.008;27.747.031;376.677;;;;;;;;
windows;900;62;800.163;1.846.336;27.817.274;377.415;;;;;;;;
windows;900;63;797.804;1.854.451;31.886.545;377.808;;;;;;;;
windows;900;64;800.716;1.884.636;31.886.512;377.893;;;;;;;;
windows;900;65;797.791;1.874.002;31.884.457;377.712;;;;;;;;
windows;900;66;797.817;1.887.251;31.883.993;377.183;;;;;;;;
windows;900;67;798.066;1.877.486;3188.51;377.597;;;;;;;;
windows;900;68;801.213;1.900.318;31.885.813;377.912;;;;;;;;
windows;900;69;797.128;187.372;31.884.475;377.417;;;;;;;;
windows;900;70;796.831;1.876.105;31.884.433;377.434;;;;;;;;
windows;900;71;79.779;1.871.585;31.884.738;377.639;;;;;;;;
windows;900;72;799.527;1.863.283;31.907.068;377.274;;;;;;;;
windows;900;73;798.534;1.847.155;31.884.154;377.519;;;;;;;;
windows;900;74;798.533;1.844.337;2.933.835;37.693;;;;;;;;
windows;900;75;882.752;166.676;2.773.716;395.247;;;;;;;;
windows;900;76;81.014;1.693.637;30.295.166;37.619;;;;;;;;
windows;900;77;812.227;1.878.208;27.731.444;37.488;;;;;;;;
windows;900;78;822.698;1.876.904;27.788.053;378.299;;;;;;;;
windows;900;79;817.484;1.870.588;27.818.206;37.935;;;;;;;;
windows;900;80;820.657;1.893.048;27.769.361;379.113;;;;;;;;
windows;900;81;821.983;1.860.875;27.728.516;37.726;;;;;;;;
windows;900;82;812.593;1.896.383;31.890.729;377.421;;;;;;;;
windows;900;83;833.744;1.885.875;27.783.435;379.163;;;;;;;;
windows;900;84;815.074;1.856.813;31.896.586;374.941;;;;;;;;
windows;900;85;812.663;1.845.353;31.929.273;377.604;;;;;;;;
windows;900;86;818.481;1.884.477;27.778.539;377.597;;;;;;;;
windows;900;87;821.247;1.855.478;29.753.548;391.237;;;;;;;;
windows;900;88;835.063;1.874.193;27.986.353;376.179;;;;;;;;
windows;900;89;839.897;1.921.678;27.796.392;381.588;;;;;;;;
windows;900;90;825.842;1.853.815;27.907.684;385.344;;;;;;;;
windows;900;91;890.298;1.712.503;30.157.822;383.387;;;;;;;;
windows;900;92;824.506;1.891.106;27.809.974;381.676;;;;;;;;
windows;900;93;83.419;1.875.979;27.824.526;383.244;;;;;;;;
windows;900;94;828.225;1.883.798;3.170.221;381.402;;;;;;;;
windows;900;95;898.152;1.720.425;32.050.939;37.778;;;;;;;;
windows;900;96;835.784;1.851.536;32.008.692;384.763;;;;;;;;
windows;900;97;895.177;1.709.671;32.106.526;382.485;;;;;;;;
windows;900;98;835.451;1.848.462;27.939.926;383.603;;;;;;;;
windows;900;99;834.569;1.854.661;28.662.827;385.074;;;;;;;;
windows;900;100;834.946;1.900.549;2.959.556;420.948;;;;;;;;
windows;1000;1;1.083.571;2.063.824;31.572.066;423.461;;;;;;;;
windows;1000;2;970.009;2.039.962;31.023.181;41.962;;;;;;;;
windows;1000;3;968.695;2.031.958;35.570.395;453.187;;;;;;;;
windows;1000;4;913.317;1.896.962;31.001.081;422.516;;;;;;;;
windows;1000;5;979.811;2.018.615;31.093.942;426.762;;;;;;;;
windows;1000;6;96.824;2.040.607;30.949.422;424.914;;;;;;;;
windows;1000;7;981.813;2.036.234;31.010.275;426.982;;;;;;;;
windows;1000;8;986.124;2.075.662;30.973.166;436.426;;;;;;;;
windows;1000;9;976.363;2.026.377;30.985.681;422.736;;;;;;;;
windows;1000;10;975.941;2.038.862;3.110.167;417.225;;;;;;;;
windows;1000;11;973.925;2.012.123;30.906.511;42.274;;;;;;;;
windows;1000;12;988.782;2.015.333;30.938.939;421.781;;;;;;;;
windows;1000;13;978.348;1.888.596;31.028.107;426.628;;;;;;;;
windows;1000;14;995.729;2.045.064;31.173.154;432.628;;;;;;;;
windows;1000;15;100.3;2.026.064;31.685.486;42.617;;;;;;;;
windows;1000;16;99.367;1.991.032;30.923.455;419.953;;;;;;;;
windows;1000;17;977.925;2.002.776;34.792.577;421.511;;;;;;;;
windows;1000;18;97.682;2.050.439;31.086.984;419.465;;;;;;;;
windows;1000;19;984.252;1.999.486;3.170.765;434.941;;;;;;;;
windows;1000;20;994.226;2.036.064;31.143.502;418.804;;;;;;;;
windows;1000;21;985.727;1.977.902;30.882.559;418.936;;;;;;;;
windows;1000;22;981.228;1.956.779;3.096.083;424.833;;;;;;;;
windows;1000;23;998.883;1.862.117;30.906.613;434.338;;;;;;;;
windows;1000;24;996.583;1.964.589;32.632.354;422.072;;;;;;;;
windows;1000;25;983.045;1.860.362;30.942.389;421.884;;;;;;;;
windows;1000;26;1.003.678;1.956.708;31.437.571;428.529;;;;;;;;
windows;1000;27;1.008.811;195.853;32.089.023;421.661;;;;;;;;
windows;1000;28;1.013.211;1.949.869;35.435.886;419.125;;;;;;;;
windows;1000;29;101.117;1.959.271;30.840.088;418.176;;;;;;;;
windows;1000;30;1.012.148;1.942.088;31.866.794;41.965;;;;;;;;
windows;1000;31;1.031.134;193.22;30.840.301;422.032;;;;;;;;
windows;1000;32;1.031.159;1.930.966;35.442.831;418.693;;;;;;;;
windows;1000;33;1.030.041;1.920.067;35.433.897;419.029;;;;;;;;
windows;1000;34;103.411;1.924.431;3.543.928;419.994;;;;;;;;
windows;1000;35;1.040.495;1.926.838;30.795.788;419.241;;;;;;;;
windows;1000;36;1.031.502;1.922.961;35.499.958;420.457;;;;;;;;
windows;1000;37;1.034.011;1.921.188;35.443.769;420.293;;;;;;;;
windows;1000;38;1.032.231;1.927.169;35.436.379;42.033;;;;;;;;
windows;1000;39;1.037.647;1.923.156;35.436.754;419.471;;;;;;;;
windows;1000;40;1.044.513;1.909.691;30.774.621;419.112;;;;;;;;
windows;1000;41;1.048.455;1.890.485;30.860.722;420.864;;;;;;;;
windows;1000;42;1.040.711;1.882.062;35.447.829;418.077;;;;;;;;
windows;1000;43;980.586;1.829.295;3542.49;417.804;;;;;;;;
windows;1000;44;1.037.312;1.909.567;3.545.432;418.376;;;;;;;;
windows;1000;45;1.068.668;1.905.066;35.519.639;418.199;;;;;;;;
windows;1000;46;1.042.855;1.876.733;30.871.988;446.824;;;;;;;;
windows;1000;47;928.603;1.890.011;35.469.722;419.312;;;;;;;;
windows;1000;48;1.046.859;1.862.416;35.495.141;419.336;;;;;;;;
windows;1000;49;1.039.438;1.901.046;35.467.816;419.685;;;;;;;;
windows;1000;50;104.009;1.889.766;35.484.917;42.001;;;;;;;;
windows;1000;51;1.040.669;188.943;3.548.586;418.799;;;;;;;;
windows;1000;52;1.036.499;1.889.016;35.485.394;41.867;;;;;;;;
windows;1000;53;1.037.803;189.108;35.498.456;419.419;;;;;;;;
windows;1000;54;1.036.485;1.892.681;35.460.859;419.021;;;;;;;;
windows;1000;55;1.035.775;1.891.515;34.580.461;418.365;;;;;;;;
windows;1000;56;1.044.166;1.895.724;3.542.802;418.309;;;;;;;;
windows;1000;57;1.038.835;1.916.223;35.429.604;418.425;;;;;;;;
windows;1000;58;1.037.497;1.897.219;3.079.869;41.8;;;;;;;;
windows;1000;59;1.037.311;190.473;35.425.342;418.652;;;;;;;;
windows;1000;60;1.018.581;1.852.973;35.439.579;418.047;;;;;;;;
windows;1000;61;1.049.929;1.906.396;30.814.282;417.935;;;;;;;;
windows;1000;62;1.039.275;1.905.185;35.434.435;41.782;;;;;;;;
windows;1000;63;1.037.105;1.899.883;35.426.953;418.589;;;;;;;;
windows;1000;64;969.652;1.853.373;31.494.875;418.201;;;;;;;;
windows;1000;65;1.036.265;1.884.039;3.547.209;418.624;;;;;;;;
windows;1000;66;1.036.158;1.905.171;35.432.007;418.556;;;;;;;;
windows;1000;67;1.036.641;1.919.886;35.428.516;418.277;;;;;;;;
windows;1000;68;1.037.687;1.921.529;35.429.621;418.617;;;;;;;;
windows;1000;69;973.647;1.866.083;3.549.977;418.743;;;;;;;;
windows;1000;70;1.035.682;189.809;34.759.967;418.913;;;;;;;;
windows;1000;71;1.036.368;1.903.352;35.456.158;418.448;;;;;;;;
windows;1000;72;1.035.209;1.913.706;35.450.795;419.214;;;;;;;;
windows;1000;73;1.036.926;1.886.419;35.448.853;41.919;;;;;;;;
windows;1000;74;1.037.399;1.886.695;35.447.914;419.937;;;;;;;;
windows;1000;75;1.039.427;1.888.664;35.450.129;418.131;;;;;;;;
windows;1000;76;1.041.938;1.889.343;3.544.808;418.419;;;;;;;;
windows;1000;77;1.007.215;1.843.685;30.821.104;419.081;;;;;;;;
windows;1000;78;1.037.893;1.888.634;35.489.265;41.879;;;;;;;;
windows;1000;79;1.038.967;1.883.747;35.472.442;417.706;;;;;;;;
windows;1000;80;1.041.041;188.528;30.803.829;418.944;;;;;;;;
windows;1000;81;1.044.525;1.884.616;3.079.577;419.365;;;;;;;;
windows;1000;82;999.748;1.835.749;35.478.274;419.056;;;;;;;;
windows;1000;83;1.037.379;1.910.241;3.542.869;419.459;;;;;;;;
windows;1000;84;1.042.341;1.901.572;30.755.408;419.215;;;;;;;;
windows;1000;85;1.039.023;1.911.128;35.428.333;42.017;;;;;;;;
windows;1000;86;962.644;1.865.608;35.427.569;419.542;;;;;;;;
windows;1000;87;1.043.169;1.921.503;30.743.473;419.104;;;;;;;;
windows;1000;88;1.039.031;1.933.994;30.761.933;419.026;;;;;;;;
windows;1000;89;103.946;1.906.343;3.542.887;419.276;;;;;;;;
windows;1000;90;1.037.214;1.917.351;30.756.387;418.588;;;;;;;;
windows;1000;91;971.866;1.868.898;35.428.403;418.671;;;;;;;;
windows;1000;92;1.040.629;1.914.836;35.428.355;418.971;;;;;;;;
windows;1000;93;1.038.125;194.161;35.428.203;418.885;;;;;;;;
windows;1000;94;1.038.984;192.538;35.432.043;418.981;;;;;;;;
windows;1000;95;1.038.187;1.913.946;35.432.668;41.899;;;;;;;;
windows;1000;96;1.040.976;1.912.839;31.902.977;419.094;;;;;;;;
windows;1000;97;1.048.427;1.863.581;30.759.767;419.164;;;;;;;;
windows;1000;98;1.037.348;1.903.396;35.459.085;417.559;;;;;;;;
windows;1000;99;1.036.664;1.906.863;35.429.142;417.839;;;;;;;;
windows;1000;100;1.037.673;1.883.287;35.428.395;418.936;;;;;;;;
linux;100;1;37.309.909;57.931.555;284.742.425;6.674.067;;;;;;;;
linux;100;2;37.962.182;57.438.137;355.873.177;5.800.329;;;;;;;;
linux;100;3;36.972.817;58.212.568;355.835.928;5.423.978;;;;;;;;
linux;100;4;36.985.197;57.035.377;355.814.349;5.422.148;;;;;;;;
linux;100;5;36.953.758;5.769.514;355.881.357;5.858.107;;;;;;;;
linux;100;6;37.453.725;57.372.008;355.879.477;5.495.956;;;;;;;;
linux;100;7;3.722.726;57.546.485;355.940.275;5.924.206;;;;;;;;
linux;100;8;37.284.249;56.653.167;285.139.165;6.301.446;;;;;;;;
linux;100;9;37.610.941;57.437.977;284.623.378;5.785.258;;;;;;;;
linux;100;10;36.155.617;57.184.643;284.587.358;533.661;;;;;;;;
linux;100;11;36.915.428;57.112.535;284.309.705;5.384.349;;;;;;;;
linux;100;12;36.166.757;5.728.004;284.418.523;5.860.477;;;;;;;;
linux;100;13;37.294.999;57.027.897;284.381.094;5.330.819;;;;;;;;
linux;100;14;36.207.266;57.336.179;284.345.704;5.367.669;;;;;;;;
linux;100;15;37.175.332;57.083.476;284.433.422;5.676.251;;;;;;;;
linux;100;16;36.183.536;5.730.579;284.463.732;534.047;;;;;;;;
linux;100;17;37.328.678;57.111.365;284.385.933;5.836.427;;;;;;;;
linux;100;18;36.284.424;57.269.381;284.410.093;5.375.828;;;;;;;;
linux;100;19;37.192.251;57.355.539;284.450.612;5.313.241;;;;;;;;
linux;100;20;36.341.502;57.022.057;285.243.423;5.662.622;;;;;;;;
linux;100;21;37.695.469;57.597.453;28.452.367;531.904;;;;;;;;
linux;100;22;36.564.346;57.653.972;284.553.859;5.770.029;;;;;;;;
linux;100;23;37.580.072;57.517.825;284.425.872;532.758;;;;;;;;
linux;100;24;36.233.485;57.672.061;284.409.683;5.348.939;;;;;;;;
linux;100;25;37.177.791;57.201.553;284.408.413;5.873.287;;;;;;;;
linux;100;26;36.397.001;58.268.587;284.440.362;5.335.819;;;;;;;;
linux;100;27;37.543.183;57.334.839;284.684.686;534.342;;;;;;;;
linux;100;28;36.533.927;58.056.582;284.715.795;572.468;;;;;;;;
linux;100;29;37.317.179;57.686.721;284.437.842;53.352;;;;;;;;
linux;100;30;36.233.354;57.993.204;284.407.223;5.850.657;;;;;;;;
linux;100;31;37.427.795;59.181.165;284.289.965;6.792.024;;;;;;;;
linux;100;32;37.280.659;57.084.526;284.383.483;5.416.088;;;;;;;;
linux;100;33;37.042.405;58.390.563;284.306.646;5.487.976;;;;;;;;
linux;100;34;36.647.315;56.138.499;284.293.885;5.431.938;;;;;;;;
linux;100;35;37.395.907;58.392.953;284.259.177;5.826.127;;;;;;;;
linux;100;36;36.728.293;56.392.602;284.292.876;5.423.638;;;;;;;;
linux;100;37;37.400.057;58.371.624;284.391.813;5.457.587;;;;;;;;
linux;100;38;36.706.134;56.126.999;284.359.754;5.874.876;;;;;;;;
linux;100;39;37.506.854;58.150.679;284.289.366;5.461.637;;;;;;;;
linux;100;40;36.687.354;56.859.461;284.343.215;5.427.557;;;;;;;;
linux;100;41;37.754.568;57.946.524;284.398.723;5.585.964;;;;;;;;
linux;100;42;36.909.209;56.91;284.459.731;5.442.477;;;;;;;;
linux;100;43;37.543.593;57.835.657;284.347.764;5.851.667;;;;;;;;
linux;100;44;36.813.141;57.147.514;284.293.236;5.490.415;;;;;;;;
linux;100;45;37.357.108;57.951.934;284.311.565;5.469.526;;;;;;;;
linux;100;46;36.632.805;56.877.731;28.449.767;5.974.205;;;;;;;;
linux;100;47;3.766.716;58.217.438;284.425.352;5.468.147;;;;;;;;
linux;100;48;36.942.108;5.691.852;284.316.565;5.884.086;;;;;;;;
linux;100;49;37.419.616;5.810.401;284.239.707;5.430.777;;;;;;;;
linux;100;50;36.662.255;5.689.335;284.369.724;5.463.636;;;;;;;;
linux;100;51;37.379.867;57.748.659;284.354.214;5.854.337;;;;;;;;
linux;100;52;36.866.079;57.220.802;284.378.864;5.422.097;;;;;;;;
linux;100;53;37.362.357;57.826.728;28.492.852;5.852.237;;;;;;;;
linux;100;54;36.737.022;57.197.363;284.373.754;5.483.466;;;;;;;;
linux;100;55;37.368.608;57.872.997;284.307.545;5.474.816;;;;;;;;
linux;100;56;36.660.944;5.692.725;284.335.924;5.969.205;;;;;;;;
linux;100;57;37.464.945;5.814.726;284.390.393;5.460.567;;;;;;;;
linux;100;58;3.684.666;56.933.579;284.384.224;5.487.376;;;;;;;;
linux;100;59;37.306.469;5.773.899;284.438.713;5.793.978;;;;;;;;
linux;100;60;36.733.232;57.173.554;284.350.464;5.461.827;;;;;;;;
linux;100;61;37.583.432;57.761.539;284.579.469;5.891.586;;;;;;;;
linux;100;62;36.976.217;57.193.943;2.845.181;5.449.487;;;;;;;;
linux;100;63;37.611.871;57.801.018;284.496.571;5.462.956;;;;;;;;
linux;100;64;36.677.804;56.838.911;28.453.746;5.862.487;;;;;;;;
linux;100;65;37.446.806;58.090.681;284.490.801;5.479.747;;;;;;;;
linux;100;66;36.879.489;56.785.393;28.453.812;5.412.228;;;;;;;;
linux;100;67;37.606.641;57.805.768;284.662.596;5.838.638;;;;;;;;
linux;100;68;36.976.277;57.059.846;284.476.111;5.461.577;;;;;;;;
linux;100;69;37.356.617;57.798.538;284.417.623;5.793.798;;;;;;;;
linux;100;70;3.685.563;57.089.686;284.290.866;5.454.307;;;;;;;;
linux;100;71;37.332.298;57.985.204;284.660.766;5.454.487;;;;;;;;
linux;100;72;36.618.615;56.816.103;284.443.451;5.965.555;;;;;;;;
linux;100;73;37.184.692;58.091.041;284.420.173;5.459.186;;;;;;;;
linux;100;74;36.709.513;56.835.532;284.342.184;5.957.275;;;;;;;;
linux;100;75;37.305.499;58.173.679;284.400.883;5.516.275;;;;;;;;
linux;100;76;36.577.456;56.704.805;284.503.341;5.479.676;;;;;;;;
linux;100;77;37.289.689;57.764.309;284.804.713;5.816.638;;;;;;;;
linux;100;78;36.742.943;57.081.546;284.404.013;5.467.387;;;;;;;;
linux;100;79;37.309.669;57.833.517;284.356.225;5.456.607;;;;;;;;
linux;100;80;36.659.914;56.852.102;284.417.102;5.958.905;;;;;;;;
linux;100;81;37.556.602;58.106.701;285.190.853;5.542.675;;;;;;;;
linux;100;82;37.130.553;56.832.981;28.453.462;6.684.277;;;;;;;;
linux;100;83;36.608.536;56.717.605;284.469.651;5.408.288;;;;;;;;
linux;100;84;38.743.431;58.174.769;284.410.969;5.475.764;;;;;;;;
linux;100;85;35.376.727;55.786.713;284.576.777;571.102;;;;;;;;
linux;100;86;387.562;57.864.424;28.578.346;6.789.776;;;;;;;;
linux;100;87;36.930.906;57.118.224;285.576.793;577.338;;;;;;;;
linux;100;88;39.001.957;58.136.151;285.528.073;6.655.247;;;;;;;;
linux;100;89;35.590.014;57.599.078;28.431.629;5.534.933;;;;;;;;
linux;100;90;38.873.549;57.564.718;284.721.264;579.915;;;;;;;;
linux;100;91;35.737.603;56.743.959;284.692.925;5.392.515;;;;;;;;
linux;100;92;38.807.669;57.218.483;284.312.761;5.382.625;;;;;;;;
linux;100;93;35.721.622;56.454.324;284.685.715;5.851.009;;;;;;;;
linux;100;94;38.934.088;57.561.468;284.410.259;5.372.265;;;;;;;;
linux;100;95;35.988.879;56.596.952;284.220.031;5.709.221;;;;;;;;
linux;100;96;38.942.268;5.747.009;284.724.984;5.435.415;;;;;;;;
linux;100;97;35.796.832;56.484.363;284.503.798;5.368.845;;;;;;;;
linux;100;98;38.847.179;5.744.213;28.427.726;5.818.049;;;;;;;;
linux;100;99;35.816.061;56.906.438;284.669.715;5.404.865;;;;;;;;
linux;100;100;38.926.138;57.164.393;284.528.158;574.823;;;;;;;;
linux;200;1;73.873.301;117.686.251;578.178.907;11.823.326;;;;;;;;
linux;200;2;78.034.573;115.954.445;568.998.106;12.111.071;;;;;;;;
linux;200;3;70.584.777;116.147.772;570.933.579;12.363.488;;;;;;;;
linux;200;4;78.118.592;115.733.888;569.634.067;12.577.995;;;;;;;;
linux;200;5;70.679.466;116.100.053;569.295.691;12.626.195;;;;;;;;
linux;200;6;7.828.014;117.360.235;569.171.453;12.082.832;;;;;;;;
linux;200;7;70.554.367;116.401.409;569.341.391;12.507.806;;;;;;;;
linux;200;8;78.421.148;115.887.306;56.935.412;12.591.085;;;;;;;;
linux;200;9;70.692.225;117.296.067;569.305.381;12.480.826;;;;;;;;
linux;200;10;79.145.818;117.218.067;569.063.074;12.085.572;;;;;;;;
linux;200;11;70.629.796;116.990.051;569.151.493;12.019.203;;;;;;;;
linux;200;12;78.380.999;116.258.811;568.864.697;12.575.165;;;;;;;;
linux;200;13;70.628.406;115.849.196;569.194.423;12.405.627;;;;;;;;
linux;200;14;78.212.701;116.802.593;569.251.922;11.998.363;;;;;;;;
linux;200;15;70.664.155;117.397.825;569.235.552;12.055.022;;;;;;;;
linux;200;16;78.345.619;117.157.448;569.285.662;12.540.725;;;;;;;;
linux;200;17;70.662.246;117.242.997;569.267.612;12.554.865;;;;;;;;
linux;200;18;78.372.428;116.530.177;569.117.384;12.649.884;;;;;;;;
linux;200;19;70.673.615;116.181.652;569.216.772;12.024.863;;;;;;;;
linux;200;20;78.317.449;116.822.843;56.937.677;12.156.381;;;;;;;;
linux;200;21;70.887.633;11.701.454;569.818.384;12.551.475;;;;;;;;
linux;200;22;7.464.169;115.162.216;569.138.874;12.397.017;;;;;;;;
linux;200;23;73.882.591;114.685.133;569.658.216;11.866.455;;;;;;;;
linux;200;24;76.535.024;119.658.904;569.045.834;12.854.732;;;;;;;;
linux;200;25;72.128.406;116.698.354;568.985.116;12.426.507;;;;;;;;
linux;200;26;76.704.472;117.431.295;569.477.409;12.377.497;;;;;;;;
linux;200;27;72.763.566;116.473.068;569.368.861;13.139.557;;;;;;;;
linux;200;28;78.170.851;115.069.288;569.431.769;12.028.003;;;;;;;;
linux;200;29;70.586.447;116.614.286;569.511.798;12.559.456;;;;;;;;
linux;200;30;78.138.022;116.196.922;569.511.818;12.513.295;;;;;;;;
linux;200;31;70.671.676;117.440.055;569.471.778;12.479.956;;;;;;;;
linux;200;32;78.086.223;117.398.696;569.412.389;12.034.153;;;;;;;;
linux;200;33;70.559.257;116.595.986;569.412.349;12.135.481;;;;;;;;
linux;200;34;77.923.995;116.641.595;569.485.499;12.599.595;;;;;;;;
linux;200;35;70.790.044;116.269.511;569.490.249;12.496.955;;;;;;;;
linux;200;36;77.967.275;116.170.652;570.537.723;12.035.543;;;;;;;;
linux;200;37;70.931.572;116.613.856;569.327.761;12.030.602;;;;;;;;
linux;200;38;77.510.911;117.437.354;569.120.344;12.566.325;;;;;;;;
linux;200;39;70.686.695;117.427.565;56.939.942;12.475.526;;;;;;;;
linux;200;40;77.896.325;116.093.223;569.201.672;12.508.806;;;;;;;;
linux;200;41;70.899.843;116.277.821;569.520.268;12.095.192;;;;;;;;
linux;200;42;7.827.843;116.679.205;569.260.992;12.500.766;;;;;;;;
linux;200;43;70.613.216;116.295.921;569.908.143;12.508.456;;;;;;;;
linux;200;44;78.432.477;1.163.647;569.459.749;12.515.045;;;;;;;;
linux;200;45;70.839.563;117.324.526;569.298.702;12.070.031;;;;;;;;
linux;200;46;77.893.696;117.331.435;569.349.291;12.061.202;;;;;;;;
linux;200;47;70.518.867;117.699.321;569.313.241;12.586.325;;;;;;;;
linux;200;48;78.128.912;117.378.006;569.453.399;12.616.184;;;;;;;;
linux;200;49;70.574.127;116.428.128;569.667.177;12.491.165;;;;;;;;
linux;200;50;78.040.653;116.508.348;56.933.487;11.987.923;;;;;;;;
linux;200;51;70.643.186;116.971.221;569.007.416;12.625.295;;;;;;;;
linux;200;52;78.072.823;116.387.779;569.671.306;12.508.996;;;;;;;;
linux;200;53;70.697.415;116.403.159;569.579.227;12.504.566;;;;;;;;
linux;200;54;78.004.753;116.544.877;569.300.121;12.108.692;;;;;;;;
linux;200;55;70.864.002;116.944.422;569.473.318;12.148.491;;;;;;;;
linux;200;56;77.939.535;116.968.931;569.474.018;12.702.693;;;;;;;;
linux;200;57;70.668.766;116.483.957;56.941.217;12.551.775;;;;;;;;
linux;200;58;77.952.565;117.608.032;56.935.676;12.095.811;;;;;;;;
linux;200;59;70.641.807;117.804.399;569.429.059;12.174.921;;;;;;;;
linux;200;60;77.893.705;116.805.924;569.714.105;12.599.175;;;;;;;;
linux;200;61;73.565.735;11.559.771;569.544.738;1.295.693;;;;;;;;
linux;200;62;76.379.966;117.075.039;569.204.383;12.750.382;;;;;;;;
linux;200;63;73.114.522;117.353.295;569.774.295;12.137.131;;;;;;;;
linux;200;64;76.317.457;117.496.404;569.712.805;13.131.937;;;;;;;;
linux;200;65;72.579.019;116.722.624;569.543.418;12.507.996;;;;;;;;
linux;200;66;77.170.825;117.264.086;569.475.399;12.790.292;;;;;;;;
linux;200;67;72.111.636;117.057.369;569.442.649;12.327.289;;;;;;;;
linux;200;68;77.132.086;117.417.525;569.311.981;12.359.098;;;;;;;;
linux;200;69;72.282.833;118.153.765;5.694.278;1.288.266;;;;;;;;
linux;200;70;77.094.686;117.983.187;569.285.802;1.289.951;;;;;;;;
linux;200;71;72.289.343;116.956.341;569.491.458;12.845.222;;;;;;;;
linux;200;72;77.132.915;116.972.201;5.693.953;12.379.487;;;;;;;;
linux;200;73;72.041.787;117.449.154;5.694.265;12.924.249;;;;;;;;
linux;200;74;77.048.307;117.129.589;569.484.309;12.848.331;;;;;;;;
linux;200;75;72.335.233;117.321.586;56.961.839;12.755.962;;;;;;;;
linux;200;76;77.240.947;117.001.853;569.882.348;12.320.475;;;;;;;;
linux;200;77;71.939.618;117.471.199;56.958.623;12.338.466;;;;;;;;
linux;200;78;77.022.089;117.378.609;56.966.086;12.845.101;;;;;;;;
linux;200;79;72.159.207;118.217.674;56.959.094;12.890.591;;;;;;;;
linux;200;80;77.272.627;117.978.345;569.384.792;12.835.651;;;;;;;;
linux;200;81;72.368.385;118.368.252;56.959.533;13.240.259;;;;;;;;
linux;200;82;73.791.553;115.278.626;569.694.989;12.948.331;;;;;;;;
linux;200;83;77.304.147;117.100.312;569.711.249;1.297.085;;;;;;;;
linux;200;84;72.265.286;1.173.174;570.005.627;13.207.098;;;;;;;;
linux;200;85;77.777.114;115.352.905;56.957.976;12.971.691;;;;;;;;
linux;200;86;72.181.257;117.332.139;569.581.521;12.465.244;;;;;;;;
linux;200;87;77.605.395;11.727.896;569.727.109;12.867.221;;;;;;;;
linux;200;88;72.275.396;118.430.281;569.848.689;12.843.411;;;;;;;;
linux;200;89;77.591.325;117.932.095;56.963.676;12.407.165;;;;;;;;
linux;200;90;72.015.527;117.767.706;569.438.692;13.227.419;;;;;;;;
linux;200;91;73.189.699;116.070.879;569.553.021;12.869.931;;;;;;;;
linux;200;92;78.373.289;116.934.623;5.696.503;12.859.152;;;;;;;;
linux;200;93;70.898.826;117.071.142;569.598;12.789.362;;;;;;;;
linux;200;94;78.410.938;116.810.654;569.499.531;12.385.955;;;;;;;;
linux;200;95;70.993.875;11.731.138;56.963.263;12.348.085;;;;;;;;
linux;200;96;78.497.308;117.128.241;569.767.839;12.932.511;;;;;;;;
linux;200;97;71.036.275;116.987.903;569.678.649;12.800.512;;;;;;;;
linux;200;98;78.335.359;116.785.024;56.963.642;12.406.775;;;;;;;;
linux;200;99;70.923.196;117.558.278;569.600.131;12.444.354;;;;;;;;
linux;200;100;78.132.771;117.465.059;569.784.368;12.979.221;;;;;;;;
linux;300;1;109.338.931;172.651.816;8.550.535;19.415.371;;;;;;;;
linux;300;2;117.585.918;172.580.646;854.712.863;1.950.708;;;;;;;;
linux;300;3;106.782.001;172.867.234;854.954.461;19.389.241;;;;;;;;
linux;300;4;117.788.416;172.726.925;854.761.303;1.946.004;;;;;;;;
linux;300;5;106.476.143;172.574.886;854.811.333;19.587.819;;;;;;;;
linux;300;6;117.426.799;172.645.216;854.941.041;195.161;;;;;;;;
linux;300;7;106.700.781;172.549.797;85.502.134;19.426.111;;;;;;;;
linux;300;8;117.492.069;174.912.408;854.424.675;19.455.341;;;;;;;;
linux;300;9;106.381.424;175.744.862;854.605.244;18.705.276;;;;;;;;
linux;300;10;116.775.424;172.531.726;856.015.363;19.515.471;;;;;;;;
linux;300;11;108.021.731;173.170.071;854.972.341;19.528.881;;;;;;;;
linux;300;12;110.758.351;174.587.921;85.505.268;19.388.771;;;;;;;;
linux;300;13;115.504.764;174.714.139;85.512.818;19.323.992;;;;;;;;
linux;300;14;10.816.219;172.498.117;85.498.609;19.276.342;;;;;;;;
linux;300;15;115.563.894;17.463.531;854.988.871;19.363.651;;;;;;;;
linux;300;16;108.420.078;172.576.257;854.362.645;19.273.932;;;;;;;;
linux;300;17;115.739.192;172.922.974;85.504.322;19.313.892;;;;;;;;
linux;300;18;108.359.679;172.361.488;85.498.744;19.342.852;;;;;;;;
linux;300;19;115.886.071;172.464.045;854.973.582;19.356.242;;;;;;;;
linux;300;20;108.223.399;172.785.795;85.502.546;1.952.501;;;;;;;;
linux;300;21;116.161.479;173.078.962;855.372.878;19.887.807;;;;;;;;
linux;300;22;109.138.123;174.194.764;855.911.013;19.532.111;;;;;;;;
linux;300;23;114.917.619;175.699.572;854.853.082;1.945.578;;;;;;;;
linux;300;24;108.669.897;173.060.872;855.134.269;19.450.911;;;;;;;;
linux;300;25;115.696.913;172.794.384;854.821.272;1.958.752;;;;;;;;
linux;300;26;109.135.342;172.729.045;855.039.161;1.945.947;;;;;;;;
linux;300;27;115.427.555;173.089.182;854.714.203;1.944.929;;;;;;;;
linux;300;28;109.183.303;175.142.336;854.930.301;19.509.801;;;;;;;;
linux;300;29;115.393.165;175.407.294;855.000.441;1.951.009;;;;;;;;
linux;300;30;109.214.133;175.279.175;85.510.321;19.578.319;;;;;;;;
linux;300;31;115.575.154;175.419.364;855.254.209;1.955.059;;;;;;;;
linux;300;32;109.252.932;175.350.435;8.551.093;1.955.467;;;;;;;;
linux;300;33;115.643.403;175.811.471;854.782.902;1.960.473;;;;;;;;
linux;300;34;110.274.504;173.097.252;854.389.765;19.507.971;;;;;;;;
linux;300;35;115.731.323;17.325.691;854.876.882;1.953.307;;;;;;;;
linux;300;36;109.251.232;172.811.914;855.185.979;19.542.131;;;;;;;;
linux;300;37;115.548.824;172.925.973;85.511.811;1.951.626;;;;;;;;
linux;300;38;109.200.343;172.973.863;85.497.228;19.474.441;;;;;;;;
linux;300;39;115.488.764;1.733.532;854.659.819;19.510.453;;;;;;;;
linux;300;40;109.638.042;175.643.659;854.978.251;17.236.948;;;;;;;;
linux;300;41;116.196.717;175.657.079;855.682.892;19.647.873;;;;;;;;
linux;300;42;109.209.562;175.360.158;855.547.892;19.561.073;;;;;;;;
linux;300;43;115.851.537;175.546.938;855.325.692;19.622.843;;;;;;;;
linux;300;44;109.267.582;175.159.037;855.106.671;19.535.864;;;;;;;;
linux;300;45;115.693.436;175.693.578;854.886.301;19.493.263;;;;;;;;
linux;300;46;109.717.103;175.262.898;855.051.531;19.615.503;;;;;;;;
linux;300;47;115.893.486;175.483.598;854.935.291;19.611.474;;;;;;;;
linux;300;48;109.299.871;173.431.904;855.195.882;19.541.432;;;;;;;;
linux;300;49;115.592.896;172.907.983;855.194.011;19.629.734;;;;;;;;
linux;300;50;109.152.351;173.132.343;855.280.442;19.557.393;;;;;;;;
linux;300;51;115.691.696;172.968.122;855.285.402;19.519.823;;;;;;;;
linux;300;52;109.208.392;174.780.436;854.826.401;19.501.473;;;;;;;;
linux;300;53;115.453.975;172.895.963;8.547.508;19.531.733;;;;;;;;
linux;300;54;109.233.152;175.376.238;854.993.881;19.529.503;;;;;;;;
linux;300;55;115.638.026;173.052.433;854.842.401;19.587.683;;;;;;;;
linux;300;56;109.323.562;175.561.258;854.821.261;19.609.983;;;;;;;;
linux;300;57;115.574.715;172.976.873;854.921.001;19.584.413;;;;;;;;
linux;300;58;109.042.342;172.996.332;854.729.111;19.487.123;;;;;;;;
linux;300;59;115.609.936;173.065.862;855.046.411;19.563.394;;;;;;;;
linux;300;60;109.239.991;172.960.623;8.548.802;19.540.254;;;;;;;;
linux;300;61;115.902.506;173.431.194;855.425.732;19.619.963;;;;;;;;
linux;300;62;109.421.212;173.063.663;855.244.641;19.554.434;;;;;;;;
linux;300;63;115.743.166;173.272.753;856.321.044;19.565.093;;;;;;;;
linux;300;64;109.372.312;173.038.593;85.474.042;19.527.443;;;;;;;;
linux;300;65;115.701.506;172.685.752;854.914.661;19.547.553;;;;;;;;
linux;300;66;109.257.191;173.040.353;854.992.961;19.418.733;;;;;;;;
linux;300;67;109.326.952;172.682.431;855.439.392;19.475.974;;;;;;;;
linux;300;68;11.761.261;172.797.202;855.092.161;19.563.163;;;;;;;;
linux;300;69;107.044.037;173.094.953;855.160.691;19.449.963;;;;;;;;
linux;300;70;11.747.004;173.198.123;854.973.971;19.709.394;;;;;;;;
linux;300;71;107.118.617;172.818.002;854.927.841;19.800.424;;;;;;;;
linux;300;72;115.483.805;175.809.729;854.971.001;19.662.144;;;;;;;;
linux;300;73;108.245.599;173.278.753;855.236.062;19.523.513;;;;;;;;
linux;300;74;115.269.745;173.186.483;854.341.519;19.609.354;;;;;;;;
linux;300;75;108.183.249;173.209.913;855.315.612;19.659.124;;;;;;;;
linux;300;76;115.145.724;173.284.213;855.218.902;19.707.963;;;;;;;;
linux;300;77;10.837.222;173.307.274;854.331.529;19.452.473;;;;;;;;
linux;300;78;116.113.147;173.287.393;855.339.352;19.631.383;;;;;;;;
linux;300;79;10.853.087;173.186.703;854.998.911;19.620.434;;;;;;;;
linux;300;80;115.310.495;172.893.372;855.034.151;19.516.464;;;;;;;;
linux;300;81;1.088.518;173.339.014;855.424.782;19.485.533;;;;;;;;
linux;300;82;115.792.516;172.994.193;855.371.301;18.756.412;;;;;;;;
linux;300;83;111.000.075;172.847.403;855.586.682;19.338.303;;;;;;;;
linux;300;84;115.909.896;172.641.022;855.326.612;19.502.183;;;;;;;;
linux;300;85;10.845.758;172.496.792;855.466.522;19.401.063;;;;;;;;
linux;300;86;115.604.615;172.187.301;855.417.322;19.505.753;;;;;;;;
linux;300;87;107.696.708;172.491.642;855.379.171;19.517.324;;;;;;;;
linux;300;88;115.751.816;172.442.211;855.323.232;19.514.463;;;;;;;;
linux;300;89;10.846.245;172.733.432;855.132.462;19.357.312;;;;;;;;
linux;300;90;116.001.027;172.295.871;855.460.792;19.448.223;;;;;;;;
linux;300;91;10.864.055;173.376.194;855.173.751;19.489.683;;;;;;;;
linux;300;92;115.828.726;172.216.302;855.177.851;19.462.623;;;;;;;;
linux;300;93;107.896.268;172.687.642;855.407.722;19.550.554;;;;;;;;
linux;300;94;115.975.556;172.994.873;855.339.402;19.467.803;;;;;;;;
linux;300;95;109.184.664;172.957.172;855.237.719;19.484.059;;;;;;;;
linux;300;96;114.951.345;172.903.772;854.909.399;1.967.165;;;;;;;;
linux;300;97;109.185.112;173.200.263;855.570.998;1.956.849;;;;;;;;
linux;300;98;115.283.675;172.800.082;855.561.509;1.950.075;;;;;;;;
linux;300;99;109.094.162;173.044.132;855.587.029;19.460.109;;;;;;;;
linux;300;100;115.088.425;174.469.344;853.996.628;19.453.309;;;;;;;;
linux;400;1;149.267.682;23.128.502;1.139.795.345;25.817.493;;;;;;;;
linux;400;2;14.809.698;234.533.672;1.141.181.255;25.935.713;;;;;;;;
linux;400;3;14.629.934;234.203.292;1.140.739.835;25.815.842;;;;;;;;
linux;400;4;151.871.643;234.014.222;1.140.784.985;26.383.882;;;;;;;;
linux;400;5;149.062.631;234.145.252;1.140.815.226;25.831.002;;;;;;;;
linux;400;6;149.949.441;234.528.163;1.140.968.325;25.700.952;;;;;;;;
linux;400;7;151.340.523;234.261.141;1.140.416.305;25.800.313;;;;;;;;
linux;400;8;150.126.142;234.358.681;1.140.811.815;25.873.223;;;;;;;;
linux;400;9;148.716.841;234.070.542;1.140.559.305;25.805.862;;;;;;;;
linux;400;10;153.512.074;232.602.081;1.140.655.115;25.745.742;;;;;;;;
linux;400;11;147.812.091;23.155.281;1.138.387.074;25.308.202;;;;;;;;
linux;400;12;14.613.151;230.857.691;1.139.854.344;25.750.303;;;;;;;;
linux;400;13;154.669.034;23.094.674;1.137.670.753;25.969.873;;;;;;;;
linux;400;14;14.771.433;232.067.091;1.139.340.755;26.118.522;;;;;;;;
linux;400;15;152.016.133;231.523.771;1.140.950.055;25.835.382;;;;;;;;
linux;400;16;148.712.352;23.167.124;1.139.675.895;25.751.092;;;;;;;;
linux;400;17;152.002.152;231.299.871;1.140.519.935;25.832.442;;;;;;;;
linux;400;18;148.520.841;231.425.311;1.140.566.055;25.923.523;;;;;;;;
linux;400;19;151.702.112;23.127.212;1.140.691.525;25.878.673;;;;;;;;
linux;400;20;1.480.641;231.639.101;1.140.625.826;25.937.112;;;;;;;;
linux;400;21;151.961.832;235.643.993;1.140.973.045;25.968.853;;;;;;;;
linux;400;22;149.737.271;231.445.281;1.141.574.905;25.725.273;;;;;;;;
linux;400;23;152.659.433;233.046.901;1.139.863.625;25.745.272;;;;;;;;
linux;400;24;148.106.501;23.158.236;1.140.389.355;25.935.273;;;;;;;;
linux;400;25;152.741.573;234.356.562;1.140.780.175;25.808.612;;;;;;;;
linux;400;26;148.605.471;231.354.071;1.140.766.775;25.724.552;;;;;;;;
linux;400;27;153.047.483;233.439.162;1.140.883.085;25.722.542;;;;;;;;
linux;400;28;148.164.091;231.596.331;1.141.008.745;24.801.822;;;;;;;;
linux;400;29;14.761.341;230.875.061;1.140.703.945;25.634.362;;;;;;;;
linux;400;30;153.781.113;233.305.512;1.140.774.535;24.012.582;;;;;;;;
linux;400;31;1.474.678;231.165.601;1.140.779.555;25.811.302;;;;;;;;
linux;400;32;152.593.813;23.113.643;1.140.383.005;25.905.703;;;;;;;;
linux;400;33;14.671.158;23.170.186;1.140.377.536;25.697.712;;;;;;;;
linux;400;34;153.402.763;23.146.103;1.140.605.236;25.950.482;;;;;;;;
linux;400;35;147.140.561;23.157.078;1.140.678.485;26.165.523;;;;;;;;
linux;400;36;150.255.921;231.195.951;1.140.943.145;25.725.912;;;;;;;;
linux;400;37;151.716.723;2.309.944;1.140.596.015;25.889.963;;;;;;;;
linux;400;38;149.679.361;231.590.131;114.072.633;2.574.038;;;;;;;;
linux;400;39;151.792.056;234.587.101;1.141.051.041;2.585.996;;;;;;;;
linux;400;40;149.947.263;231.086.158;114.054.439;2.573.294;;;;;;;;
linux;400;41;151.307.844;23.297.849;1.141.163.931;2.581.458;;;;;;;;
linux;400;42;150.014.413;231.404.548;114.114.273;2.591.821;;;;;;;;
linux;400;43;150.470.845;231.376.007;114.081.365;2.590.122;;;;;;;;
linux;400;44;153.403.838;231.373.898;114.063.446;2.593.502;;;;;;;;
linux;400;45;14.722.722;231.187.828;1.140.706.589;2.575.187;;;;;;;;
linux;400;46;153.893.098;231.351.018;1.141.143.511;25.638.639;;;;;;;;
linux;400;47;14.671.214;231.488.858;114.089.565;2.564.527;;;;;;;;
linux;400;48;153.569.278;234.147.271;114.110.214;2.568.802;;;;;;;;
linux;400;49;14.712.712;234.110.871;114.042.958;25.673.959;;;;;;;;
linux;400;50;153.456.228;232.269.699;1.141.275.841;25.684.539;;;;;;;;
linux;400;51;147.044.841;231.230.927;114.031.716;2.580.124;;;;;;;;
linux;400;52;153.215.637;230.772.307;1.138.154.177;2.574.192;;;;;;;;
linux;400;53;144.911.408;230.980.697;1.138.081.327;25.653.189;;;;;;;;
linux;400;54;154.334.389;233.938.651;1.137.363.946;25.692.009;;;;;;;;
linux;400;55;147.589.141;234.672.032;1.137.710.987;25.778.499;;;;;;;;
linux;400;56;145.647.199;231.198.217;1.138.055.218;25.646.379;;;;;;;;
linux;400;57;154.115.059;231.538.418;1.138.097.147;25.754.219;;;;;;;;
linux;400;58;148.377.682;231.690.568;1.137.527.486;2.571.489;;;;;;;;
linux;400;59;154.348.519;231.788.438;1.137.883.207;257.288;;;;;;;;
linux;400;60;148.184.591;231.828.738;1.137.719.927;2.572.496;;;;;;;;
linux;400;61;154.858.289;235.237.062;1.140.518;2.585.493;;;;;;;;
linux;400;62;148.123.901;234.375.942;1.141.311.321;25.815.079;;;;;;;;
linux;400;63;152.066.296;231.090.008;1.140.121.609;2.583.764;;;;;;;;
linux;400;64;14.677.881;231.264.588;114.107.756;2.587.537;;;;;;;;
linux;400;65;152.054.536;232.455.269;1.140.155.999;2.586.978;;;;;;;;
linux;400;66;14.669.833;231.032.037;1.140.928.491;2.586.127;;;;;;;;
linux;400;67;14.755.802;237.183.675;1.137.543.756;2.571.802;;;;;;;;
linux;400;68;151.822.016;231.424.207;1.137.874.497;2.576.061;;;;;;;;
linux;400;69;149.752.103;231.157.908;1.139.088.328;23.145.347;;;;;;;;
linux;400;70;154.909.449;231.687.088;114.088.902;2.559.976;;;;;;;;
linux;400;71;145.874.689;230.597.597;114.119.934;2.566.058;;;;;;;;
linux;400;72;153.866.278;231.054.408;114.112.929;2.607.978;;;;;;;;
linux;400;73;147.825.291;231.172.518;114.093.713;2.569.682;;;;;;;;
linux;400;74;153.751.448;23.347.075;1.141.231.371;25.728.059;;;;;;;;
linux;400;75;147.700.311;231.210.088;114.115.678;2.571.779;;;;;;;;
linux;400;76;153.923.258;231.601.038;1.141.021.031;25.766.479;;;;;;;;
linux;400;77;147.206.251;231.422.908;114.104.246;2.598.789;;;;;;;;
linux;400;78;152.540.507;231.455.398;11.410.283;2.574.764;;;;;;;;
linux;400;79;147.517.131;230.956.627;1.141.538.171;2.581.451;;;;;;;;
linux;400;80;151.528.652;233.787.082;1.141.161.882;25.735.875;;;;;;;;
linux;400;81;150.903.133;233.076.909;114.073.819;25.749.415;;;;;;;;
linux;400;82;150.262.681;233.145.599;1.141.831.495;25.744.994;;;;;;;;
linux;400;83;150.559.073;231.254.131;1.141.434.653;25.765.005;;;;;;;;
linux;400;84;150.537.722;231.521.882;1.141.221.612;25.743.045;;;;;;;;
linux;400;85;150.791.843;231.588.503;1.141.084.221;25.903.056;;;;;;;;
linux;400;86;152.905.342;235.705.949;1.137.916.339;25.906.635;;;;;;;;
linux;400;87;14.739.829;234.775.565;113.829.284;22.884.574;;;;;;;;
linux;400;88;15.248.432;231.208.171;1.141.147.072;25.725.405;;;;;;;;
linux;400;89;149.295.817;231.397.321;1.141.027.792;25.742.524;;;;;;;;
linux;400;90;1.525.982;232.725.697;114.054.483;26.299.577;;;;;;;;
linux;400;91;14.754.466;231.533.382;1.142.043.845;25.738.235;;;;;;;;
linux;400;92;154.340.338;23.337.124;1.140.878.141;25.788.895;;;;;;;;
linux;400;93;147.403.939;231.471.302;1.138.074;25.736.834;;;;;;;;
linux;400;94;154.638.739;231.774.962;1.137.379.957;25.762.025;;;;;;;;
linux;400;95;14.759.672;231.264.331;113.817.969;25.951.396;;;;;;;;
linux;400;96;154.499.908;231.316.191;1.139.538.396;25.745.545;;;;;;;;
linux;400;97;148.508.494;231.472.901;1.141.625.525;25.749.924;;;;;;;;
linux;400;98;153.671.065;233.915.672;1.141.021.762;25.726.905;;;;;;;;
linux;400;99;14.765.076;234.231.533;1.140.420.099;25.711.445;;;;;;;;
linux;400;100;153.375.574;234.410.304;1.141.094.301;25.819.375;;;;;;;;
linux;500;1;189.932.593;291.423.595;1.422.800.348;28.968.398;;;;;;;;
linux;500;2;185.429.654;291.712.007;1.425.194.438;32.217.901;;;;;;;;
linux;500;3;188.944.569;292.025.897;1.426.250.162;32.193.032;;;;;;;;
linux;500;4;188.506.516;290.408.492;1.426.286.482;3.210.313;;;;;;;;
linux;500;5;190.073.073;290.075.841;1.426.190.141;32.230.161;;;;;;;;
linux;500;6;188.533.587;28.997.195;1.426.184.192;31.323.037;;;;;;;;
linux;500;7;183.758.158;290.346.771;1.426.544.383;32.237.651;;;;;;;;
linux;500;8;189.147.179;28.988.173;1.426.678.623;32.069.631;;;;;;;;
linux;500;9;188.984.479;289.831.709;1.426.631.023;32.272.932;;;;;;;;
linux;500;10;188.554.727;290.631.972;1.426.691.534;32.682.933;;;;;;;;
linux;500;11;181.027.696;290.562.522;1.426.535.663;32.211.451;;;;;;;;
linux;500;12;188.609.227;290.723.433;1.426.609.384;3.214.516;;;;;;;;
linux;500;13;188.562.137;290.330.542;1.426.198.221;32.410.072;;;;;;;;
linux;500;14;18.909.666;290.458.771;1.426.091.132;32.315.001;;;;;;;;
linux;500;15;186.554.789;29.000.732;142.588.331;32.210.071;;;;;;;;
linux;500;16;189.658.672;294.204.106;1.425.812.241;3.210.381;;;;;;;;
linux;500;17;187.715.784;293.526.364;1.426.018.661;32.224.717;;;;;;;;
linux;500;18;189.681.176;293.966.184;1.425.628.471;32.144.086;;;;;;;;
linux;500;19;188.036.766;293.135.203;142.578.955;32.103.837;;;;;;;;
linux;500;20;190.165.848;289.980.539;142.505.055;32.099.147;;;;;;;;
linux;500;21;184.590.073;29.033.537;1.426.779.932;32.078.796;;;;;;;;
linux;500;22;190.566.528;290.352.411;1.426.890.811;32.204.717;;;;;;;;
linux;500;23;188.249.336;290.682.851;1.426.228.391;32.117.096;;;;;;;;
linux;500;24;190.270.368;29.045.279;1.426.223.621;32.315.487;;;;;;;;
linux;500;25;187.508.435;290.271.241;1.427.158.472;32.258.927;;;;;;;;
linux;500;26;189.424.496;28.964.516;1.426.494.022;32.104.936;;;;;;;;
linux;500;27;188.531.896;28.977.787;1.425.338.181;32.147.516;;;;;;;;
linux;500;28;189.147.677;28.991.373;1.426.573.201;32.383.047;;;;;;;;
linux;500;29;189.239.637;293.663.713;1.426.368.601;32.195.337;;;;;;;;
linux;500;30;188.987.956;290.143.431;1.426.003.611;32.229.256;;;;;;;;
linux;500;31;188.084.136;29.009.289;1.426.151.541;32.396.457;;;;;;;;
linux;500;32;188.358.966;28.997.993;1.426.057.881;32.542.717;;;;;;;;
linux;500;33;187.834.096;291.045.371;142.581.397;32.284.317;;;;;;;;
linux;500;34;188.590.596;294.067.914;1.425.820.871;32.147.556;;;;;;;;
linux;500;35;187.627.106;293.861.823;1.425.951.901;32.352.407;;;;;;;;
linux;500;36;189.562.696;294.129.664;1.425.837.471;32.258.266;;;;;;;;
linux;500;37;187.864.656;293.681.443;1.425.867.561;32.220.937;;;;;;;;
linux;500;38;189.816.447;294.215.534;1.425.977.451;32.367.526;;;;;;;;
linux;500;39;186.598.505;294.293.134;142.581.271;32.125.077;;;;;;;;
linux;500;40;189.054.797;294.046.722;1.425.979.871;32.166.857;;;;;;;;
linux;500;41;189.630.687;290.272.371;142.527.598;32.130.517;;;;;;;;
linux;500;42;189.291.896;290.793.871;1.426.361.631;32.261.257;;;;;;;;
linux;500;43;188.708.116;290.210.198;1.425.981.191;32.107.387;;;;;;;;
linux;500;44;188.965.576;290.375.211;142.584.794;32.099.177;;;;;;;;
linux;500;45;189.530.097;2.906.961;142.605.096;32.329.207;;;;;;;;
linux;500;46;189.507.617;29.042.472;142.587.261;32.100.067;;;;;;;;
linux;500;47;189.295.957;2.908.469;1.425.913.971;32.021.617;;;;;;;;
linux;500;48;181.923.831;289.551.779;1.426.148.311;32.081.777;;;;;;;;
linux;500;49;190.027.107;28.984.861;1.425.901.071;32.087.957;;;;;;;;
linux;500;50;187.108.035;289.304.729;1.425.943.824;32.119.363;;;;;;;;
linux;500;51;189.987.383;289.858.157;14.259.362;32.100.803;;;;;;;;
linux;500;52;188.599.645;289.989.427;1.425.824.941;32.127.213;;;;;;;;
linux;500;53;188.311.565;293.870.082;142.586.841;32.255.733;;;;;;;;
linux;500;54;187.943.716;294.348.501;142.608.948;32.109.853;;;;;;;;
linux;500;55;188.972.674;294.157.531;1.424.893.422;32.102.263;;;;;;;;
linux;500;56;181.486.735;297.558.146;1.424.661.652;32.284.923;;;;;;;;
linux;500;57;189.367.514;290.214.317;142.622.941;32.124.753;;;;;;;;
linux;500;58;188.257.375;293.630.382;142.627.338;32.132.613;;;;;;;;
linux;500;59;189.510.074;290.481.506;1.426.401.339;32.376.743;;;;;;;;
linux;500;60;187.835.666;289.766.478;1.426.284.199;32.432.523;;;;;;;;
linux;500;61;185.630.539;294.222.581;1.425.522.971;32.198.923;;;;;;;;
linux;500;62;190.461.802;293.923.331;142.650.185;32.134.993;;;;;;;;
linux;500;63;188.790.375;294.028.491;142.580.839;32.271.363;;;;;;;;
linux;500;64;189.840.863;294.032.892;14.258.407;32.085.853;;;;;;;;
linux;500;65;188.904.184;294.202.481;1.425.869.121;32.112.393;;;;;;;;
linux;500;66;189.419.344;293.939.371;142.571.032;32.120.644;;;;;;;;
linux;500;67;189.030.544;293.950.981;1.425.812.741;32.267.913;;;;;;;;
linux;500;68;189.392.243;293.819.642;142.598.993;32.112.833;;;;;;;;
linux;500;69;188.743.465;294.183.151;142.600.631;32.153.203;;;;;;;;
linux;500;70;189.574.364;29.421.129;1.425.641.281;32.229.333;;;;;;;;
linux;500;71;188.889.695;293.552.242;142.593.376;32.138.533;;;;;;;;
linux;500;72;189.071.764;294.146.241;1.425.589.641;32.098.373;;;;;;;;
linux;500;73;188.985.405;29.403.814;1.425.764.801;32.260.123;;;;;;;;
linux;500;74;189.531.763;294.088.412;1.426.243.559;32.101.444;;;;;;;;
linux;500;75;188.963.614;293.792.601;1.426.129.881;32.128.112;;;;;;;;
linux;500;76;189.515.344;294.105.351;1.425.657.501;32.100.053;;;;;;;;
linux;500;77;188.983.284;294.217.751;142.608.117;32.127.714;;;;;;;;
linux;500;78;189.523.643;293.994.431;142.612.436;32.160.484;;;;;;;;
linux;500;79;183.264.622;293.503.412;142.631.091;32.105.043;;;;;;;;
linux;500;80;189.908.243;293.296.032;142.585.065;32.190.604;;;;;;;;
linux;500;81;189.157.254;294.185.362;1.426.843.138;32.121.074;;;;;;;;
linux;500;82;189.420.323;294.500.821;1.426.501.339;32.258.553;;;;;;;;
linux;500;83;187.200.327;293.842.762;1.426.193.229;32.113.354;;;;;;;;
linux;500;84;190.347.932;294.126.201;1.426.435.021;32.103.329;;;;;;;;
linux;500;85;188.135.383;294.020.448;1.426.660.416;32.134.158;;;;;;;;
linux;500;86;190.478.198;293.782.098;1.424.025.742;32.136.819;;;;;;;;
linux;500;87;181.792.627;294.236.727;1.422.521.316;32.092.728;;;;;;;;
linux;500;88;191.036.017;290.445.586;1.422.755.474;32.157.659;;;;;;;;
linux;500;89;188.176.122;291.152.055;1.422.547.175;32.148.439;;;;;;;;
linux;500;90;191.121.076;290.824.445;1.422.810.105;32.160.738;;;;;;;;
linux;500;91;188.859.322;290.491.345;1.422.717.935;32.157.299;;;;;;;;
linux;500;92;191.153.656;290.694.345;1.421.965.897;32.061.968;;;;;;;;
linux;500;93;182.509.566;294.754.486;1.423.197.974;32.217.479;;;;;;;;
linux;500;94;190.354.207;294.448.187;1.423.023.755;32.085.058;;;;;;;;
linux;500;95;189.861.689;294.534.387;1.421.925.057;32.101.678;;;;;;;;
linux;500;96;190.589.758;294.895.776;1.422.532.645;32.417.598;;;;;;;;
linux;500;97;18.925.345;290.665.886;1.423.021.214;32.144.619;;;;;;;;
linux;500;98;190.875.547;290.597.165;1.423.280.024;32.129.738;;;;;;;;
linux;500;99;188.743.202;290.902.825;1.423.167.043;32.153.119;;;;;;;;
linux;500;100;190.900.087;290.381.856;1.422.291.106;32.125.098;;;;;;;;
linux;600;1;218.897.714;351.291.171;1.709.595.229;38.388.705;;;;;;;;
linux;600;2;219.987.432;348.836.667;1.711.196.284;38.415.165;;;;;;;;
linux;600;3;225.322.461;350.594.732;1.709.605.779;38.525.084;;;;;;;;
linux;600;4;224.870.361;349.322.266;1.706.851.915;38.389.414;;;;;;;;
linux;600;5;226.771.577;349.360.895;1.707.383.704;38.405.035;;;;;;;;
linux;600;6;226.905.827;348.875.326;1.707.083.484;38.376.175;;;;;;;;
linux;600;7;227.661.005;354.131.065;1.707.289.784;38.395.745;;;;;;;;
linux;600;8;227.136.737;352.349.218;1.706.652.975;38.421.235;;;;;;;;
linux;600;9;226.945.547;349.551.565;1.706.073.916;38.406.415;;;;;;;;
linux;600;10;227.282.176;348.676.297;1.707.052.794;38.441.995;;;;;;;;
linux;600;11;227.355.095;349.483.485;1.706.638.786;38.418.674;;;;;;;;
linux;600;12;226.840.137;353.458.056;1.706.136.047;38.474.574;;;;;;;;
linux;600;13;227.163.386;349.029.056;1.707.842.803;38.453.275;;;;;;;;
linux;600;14;230.883.988;348.407.237;1.709.820.121;38.507.911;;;;;;;;
linux;600;15;221.299.661;348.561.849;1.707.109.973;36.004.731;;;;;;;;
linux;600;16;225.594.367;349.556.311;1.706.976.564;39.291.314;;;;;;;;
linux;600;17;227.233.894;353.872.376;1.707.397.051;3.858.786;;;;;;;;
linux;600;18;227.358.902;349.171.405;170.614.461;38.671.929;;;;;;;;
linux;600;19;227.232.234;348.674.819;1.707.283.791;38.653.889;;;;;;;;
linux;600;20;226.726.867;34.979.386;1.707.062.973;38.627;;;;;;;;
linux;600;21;227.775.549;351.332.187;1.708.446.571;38.720.879;;;;;;;;
linux;600;22;223.653.584;356.045.358;1.707.320.191;38.514.581;;;;;;;;
linux;600;23;225.730.396;354.170.004;1.708.085.705;3.856.363;;;;;;;;
linux;600;24;227.151.815;35.474.923;170.741.441;3.860.526;;;;;;;;
linux;600;25;225.504.397;350.654.403;1.712.245.321;36.921.943;;;;;;;;
linux;600;26;225.113.131;34.726.386;1.711.503.107;38.349.362;;;;;;;;
linux;600;27;218.684.733;348.604.579;1.710.378.126;38.485.521;;;;;;;;
linux;600;28;226.369.991;349.420.223;1.705.804.613;39.014.136;;;;;;;;
linux;600;29;223.061.848;34.840.449;1.707.618.299;3.852.792;;;;;;;;
linux;600;30;22.149.347;349.140.944;1.706.425.029;38.558.611;;;;;;;;
linux;600;31;227.125.265;352.866.794;1.707.344.011;38.952.587;;;;;;;;
linux;600;32;224.736.604;349.514.801;1.707.695.738;3.860.348;;;;;;;;
linux;600;33;227.397.582;353.623.209;1.707.983.835;38.569.871;;;;;;;;
linux;600;34;226.904.407;348.714.508;1.707.266.021;38.769.059;;;;;;;;
linux;600;35;226.648.319;348.577.139;1.706.776.896;3.854.096;;;;;;;;
linux;600;36;226.689.868;3.485.312;1.707.714.217;3.863.718;;;;;;;;
linux;600;37;227.182.214;34.842.605;170.755.002;386.452;;;;;;;;
linux;600;38;221.640.049;348.533.099;1.707.285.921;38.442.401;;;;;;;;
linux;600;39;226.120.713;353.044.483;17.074.173;3.866.294;;;;;;;;
linux;600;40;227.900.809;347.998.924;1.706.537.787;38.528.061;;;;;;;;
linux;600;41;226.133.023;35.586.512;1.708.819.029;38.744.879;;;;;;;;
linux;600;42;221.215.612;348.698.768;1.710.545.356;38.744.641;;;;;;;;
linux;600;43;222.425.883;348.956.893;1.711.712.109;3.886.724;;;;;;;;
linux;600;44;226.780.489;352.794.622;1.712.424.973;38.526.973;;;;;;;;
linux;600;45;226.624.131;346.502.252;171.154.932;38.991.619;;;;;;;;
linux;600;46;226.101.354;347.117.258;1.711.840.968;38.496.923;;;;;;;;
linux;600;47;226.796.968;347.269.217;1.711.790.848;38.930.789;;;;;;;;
linux;600;48;22.534.023;346.351.754;1.711.966.777;38.538.693;;;;;;;;
linux;600;49;226.073.515;351.306.874;171.166.742;3.881.728;;;;;;;;
linux;600;50;226.516.042;351.404.713;1.711.772.249;3.879.677;;;;;;;;
linux;600;51;226.260.653;352.789.282;1.710.582.858;38.609.332;;;;;;;;
linux;600;52;227.114.906;347.887.181;1.711.709.589;38.525.613;;;;;;;;
linux;600;53;227.464.593;34.810.144;17.116.275;38.586.741;;;;;;;;
linux;600;54;227.219.536;34.811.676;1.711.893.487;38.557.892;;;;;;;;
linux;600;55;226.819.668;348.962.734;1.711.699.999;38.684.721;;;;;;;;
linux;600;56;226.394.781;348.098.271;171.168.153;38.621.211;;;;;;;;
linux;600;57;226.506.111;348.543.567;1.711.950.806;38.621.992;;;;;;;;
linux;600;58;226.972.367;348.212.139;171.161.203;38.672.221;;;;;;;;
linux;600;59;226.353.662;347.905.621;1.711.812.339;38.555.782;;;;;;;;
linux;600;60;227.095.216;34.819.607;1.711.918.067;38.677.181;;;;;;;;
linux;600;61;227.136.216;348.408.597;1.712.309.025;38.626.641;;;;;;;;
linux;600;62;218.950.581;348.597.896;1.712.080.136;38.721.131;;;;;;;;
linux;600;63;225.812.086;347.106.388;1.711.929.907;38.538.853;;;;;;;;
linux;600;64;227.298.474;347.904.872;1.712.012.927;38.595.711;;;;;;;;
linux;600;65;226.690.569;350.607.951;1.711.861.068;38.636.161;;;;;;;;
linux;600;66;22.654.673;346.954.889;1.711.940.288;3.876.474;;;;;;;;
linux;600;67;225.683.458;350.409.491;1.712.975.769;38.542.692;;;;;;;;
linux;600;68;225.736.007;351.032.157;1.711.909.687;3.887.012;;;;;;;;
linux;600;69;225.878.966;347.138.797;1.711.832.308;3.881.119;;;;;;;;
linux;600;70;226.361.653;346.157.045;1.712.101.664;38.816.399;;;;;;;;
linux;600;71;225.820.645;345.585.737;1.711.456.431;39.025.218;;;;;;;;
linux;600;72;226.426.522;346.546.752;1.711.756.959;3.884.341;;;;;;;;
linux;600;73;226.502.451;345.985.435;1.711.974.128;38.596.661;;;;;;;;
linux;600;74;226.029.774;346.380.213;171.156.728;3.865.673;;;;;;;;
linux;600;75;22.687.637;345.762.346;1.711.338.821;3.866.307;;;;;;;;
linux;600;76;226.268.583;351.303.018;1.712.107.017;3.873.103;;;;;;;;
linux;600;77;226.269.582;347.909.975;1.711.376.821;38.567.541;;;;;;;;
linux;600;78;226.216.713;346.595.432;1.711.903.598;38.581.721;;;;;;;;
linux;600;79;218.549.412;346.618.092;1.711.875.719;38.824.369;;;;;;;;
linux;600;80;225.451.967;350.716.911;1.711.103.892;38.665.441;;;;;;;;
linux;600;81;226.607.451;353.130.438;1.712.315.977;36.469.212;;;;;;;;
linux;600;82;226.406.912;348.239.473;1.711.771.989;38.632.751;;;;;;;;
linux;600;83;227.207.768;35.268.599;171.152.121;3.882.361;;;;;;;;
linux;600;84;223.730.356;347.470.317;1.710.176.967;38.459.002;;;;;;;;
linux;600;85;226.835.809;347.494.618;1.711.905.898;38.478.481;;;;;;;;
linux;600;86;226.927.409;347.940.375;1.711.190.902;38.583.261;;;;;;;;
linux;600;87;227.393.997;347.663.636;1.711.417.251;39.079.478;;;;;;;;
linux;600;88;218.087.775;352.293.982;1.711.485.611;38.583.641;;;;;;;;
linux;600;89;220.707.732;353.099.329;1.711.614.339;38.408.672;;;;;;;;
linux;600;90;227.500.036;352.412.992;1.712.137.247;38.636.211;;;;;;;;
linux;600;91;225.262.548;347.508.587;1.712.554.815;38.480.622;;;;;;;;
linux;600;92;226.941.759;350.256.723;171.151.609;38.463.322;;;;;;;;
linux;600;93;225.668.085;347.616.857;171.156.768;3.878.106;;;;;;;;
linux;600;94;226.551.811;347.880.765;1.712.778.614;3.862.196;;;;;;;;
linux;600;95;225.775.435;350.462.902;1.710.718.655;3.869.246;;;;;;;;
linux;600;96;226.262.142;352.558.392;171.164.836;38.533.242;;;;;;;;
linux;600;97;227.203.838;352.338.192;1.712.005.448;38.507.201;;;;;;;;
linux;600;98;227.229.248;352.524.361;1.711.757.707;38.559.943;;;;;;;;
linux;600;99;22.602.772;352.677.468;1.711.954.052;38.704.722;;;;;;;;
linux;600;100;227.301.953;347.457.278;171.215.699;38.559.224;;;;;;;;
linux;700;1;254.353.921;405.172.324;1.998.057.654;45.632.643;;;;;;;;
linux;700;2;266.620.043;406.654.655;1.997.191.289;4.635.215;;;;;;;;
linux;700;3;264.704.843;408.371.816;1.995.389.169;45.097.786;;;;;;;;
linux;700;4;26.523.219;40.590.019;1.997.378.808;46.468.269;;;;;;;;
linux;700;5;266.335.434;406.152.697;199.711.531;45.782.583;;;;;;;;
linux;700;6;267.034.929;405.549.322;1.997.660.926;45.712.833;;;;;;;;
linux;700;7;263.815.918;40.593.763;1.997.723.506;45.732.853;;;;;;;;
linux;700;8;266.765.231;409.682.988;199.701.756;45.772.883;;;;;;;;
linux;700;9;266.573.832;407.918.218;199.714.112;44.645.859;;;;;;;;
linux;700;10;260.114.719;41.106.353;1.996.557.933;45.544.394;;;;;;;;
linux;700;11;266.459.302;411.427.849;1.998.213.853;45.620.104;;;;;;;;
linux;700;12;266.385.293;414.162.614;199.693.236;45.676.293;;;;;;;;
linux;700;13;265.042.041;40.584.491;199.698.292;45.738.863;;;;;;;;
linux;700;14;266.351.244;404.644.686;1.996.871.101;4.638.004;;;;;;;;
linux;700;15;265.674.187;404.470.967;1.997.396.408;46.445.899;;;;;;;;
linux;700;16;264.910.422;405.199.584;1.997.090.699;46.398.149;;;;;;;;
linux;700;17;265.122.241;409.766.707;1.997.446.018;45.748.433;;;;;;;;
linux;700;18;26.511.454;404.846.826;1.996.051.115;45.657.774;;;;;;;;
linux;700;19;258.150.169;404.650.887;1.996.859.221;45.977.942;;;;;;;;
linux;700;20;264.108.887;409.911.237;1.996.329.274;45.611.643;;;;;;;;
linux;700;21;26.524.619;410.328.825;1.998.423.492;45.822.182;;;;;;;;
linux;700;22;26.537.295;409.692.637;1.997.589.804;45.650.775;;;;;;;;
linux;700;23;265.031.725;410.497.527;1.997.896.336;45.583.655;;;;;;;;
linux;700;24;263.915.049;409.880.069;1.997.105.879;45.703.185;;;;;;;;
linux;700;25;265.605.093;410.067.139;1.995.405.615;46.279.463;;;;;;;;
linux;700;26;26.614.937;406.774.172;1.996.138.642;45.988.104;;;;;;;;
linux;700;27;266.518.589;406.671.842;1.997.325.438;46.379.552;;;;;;;;
linux;700;28;264.905.875;404.368.721;1.996.456.152;45.788.824;;;;;;;;
linux;700;29;267.019.047;407.584.378;1.991.242.712;45.584.815;;;;;;;;
linux;700;30;258.893.828;412.788.539;1.993.790.601;45.826.995;;;;;;;;
linux;700;31;267.102.766;407.678.798;1.991.962.799;45.816.145;;;;;;;;
linux;700;32;267.692.644;407.655.988;1.991.419.961;45.898.554;;;;;;;;
linux;700;33;268.024.233;408.150.086;199.155.174;45.840.695;;;;;;;;
linux;700;34;267.020.117;40.716.746;19.915.551;46.151.153;;;;;;;;
linux;700;35;265.462.213;407.994.747;1.992.352.037;45.834.674;;;;;;;;
linux;700;36;266.637.689;407.297.149;199.176.987;45.910.764;;;;;;;;
linux;700;37;267.549.625;407.594.858;1.990.873.183;45.851.674;;;;;;;;
linux;700;38;267.176.857;407.599.548;1.992.187.368;45.927.044;;;;;;;;
linux;700;39;261.667.067;40.978.059;1.995.657.055;43.056.675;;;;;;;;
linux;700;40;263.213.881;406.676.543;1.995.939.163;45.570.816;;;;;;;;
linux;700;41;265.782.282;408.033.887;1.997.768.736;43.631.293;;;;;;;;
linux;700;42;259.147.527;405.974.715;1.997.362.628;45.025.097;;;;;;;;
linux;700;43;262.022.486;411.199.185;1.997.152.598;45.012.918;;;;;;;;
linux;700;44;262.180.446;406.845.511;1.997.599.137;45.631.885;;;;;;;;
linux;700;45;263.821.619;411.986.572;1.998.253.784;45.662.055;;;;;;;;
linux;700;46;265.831.852;405.484.056;1.997.628.777;45.769.385;;;;;;;;
linux;700;47;260.581.061;411.676.083;1.997.193.299;44.895.748;;;;;;;;
linux;700;48;262.745.633;406.383.123;1.996.389.712;45.146.527;;;;;;;;
linux;700;49;262.700.454;411.696.803;1.995.920.743;44.867.158;;;;;;;;
linux;700;50;262.791.413;406.108.655;1.997.619.617;44.869.558;;;;;;;;
linux;700;51;262.831.643;411.979.501;1.997.710.147;44.956.818;;;;;;;;
linux;700;52;262.127.965;411.799.443;1.998.048.835;44.897.508;;;;;;;;
linux;700;53;263.112.252;406.415.703;1.997.805.566;45.377.726;;;;;;;;
linux;700;54;263.271.921;407.038.711;1.997.496.387;45.535.836;;;;;;;;
linux;700;55;265.110.074;407.068.231;1.997.342.178;45.561.095;;;;;;;;
linux;700;56;265.199.154;406.796.411;1.997.290.079;46.196.033;;;;;;;;
linux;700;57;264.918.354;4.073.286;1.997.718.416;45.885.255;;;;;;;;
linux;700;58;26.617.976;411.377.794;1.997.573.347;46.462.902;;;;;;;;
linux;700;59;264.669.306;406.969.391;1.997.468.917;46.168.013;;;;;;;;
linux;700;60;265.121.835;406.915.941;1.997.435.787;45.821.355;;;;;;;;
linux;700;61;263.033.542;407.614.458;1.999.825.779;45.982.574;;;;;;;;
linux;700;62;263.323.511;40.745.811;1.997.501.347;46.792.881;;;;;;;;
linux;700;63;264.776.326;406.290.784;1.997.866.726;45.707.325;;;;;;;;
linux;700;64;26.596.614;406.340.084;1.998.113.755;45.825.224;;;;;;;;
linux;700;65;266.561.249;407.356.599;1.997.708.027;46.576.561;;;;;;;;
linux;700;66;263.400.631;406.894.721;1.996.057.633;46.477.662;;;;;;;;
linux;700;67;265.055.274;406.647.462;1.997.350.198;46.406.373;;;;;;;;
linux;700;68;265.844.891;406.201.244;1.997.730.646;46.452.802;;;;;;;;
linux;700;69;265.361.483;407.133.721;1.997.503.197;46.798.791;;;;;;;;
linux;700;70;264.950.155;406.844.241;1.997.466.557;46.453.775;;;;;;;;
linux;700;71;265.124.865;405.887.986;1.997.265.724;46.060.057;;;;;;;;
linux;700;72;266.144.961;407.074.463;1.997.046.754;46.015.447;;;;;;;;
linux;700;73;258.833.954;407.008.753;1.998.180.641;45.647.198;;;;;;;;
linux;700;74;265.725.373;406.753.814;1.997.986.531;46.390.405;;;;;;;;
linux;700;75;265.326.174;406.726.574;1.997.151.944;46.457.185;;;;;;;;
linux;700;76;265.849.793;406.923.433;1.997.742.422;46.396.586;;;;;;;;
linux;700;77;265.199.835;406.880.693;1.997.780.192;46.243.066;;;;;;;;
linux;700;78;265.768.333;406.015.876;1.998.076.911;46.371.945;;;;;;;;
linux;700;79;264.920.696;406.455.025;1.997.978.901;45.767.747;;;;;;;;
linux;700;80;261.700.796;407.038.413;1.998.063.481;45.768.507;;;;;;;;
linux;700;81;26.659.552;407.063.143;1.998.153.111;46.476.215;;;;;;;;
linux;700;82;265.460.034;407.222.042;1.997.722.352;46.497.165;;;;;;;;
linux;700;83;265.769.723;407.054.603;1.997.552.013;45.778.197;;;;;;;;
linux;700;84;265.786.133;406.958.203;1.998.157.571;46.495.795;;;;;;;;
linux;700;85;265.007.434;406.779.124;1.997.402.683;46.429.595;;;;;;;;
linux;700;86;265.227.305;408.456.258;1.997.104.925;45.983.836;;;;;;;;
linux;700;87;263.041.881;41.151.252;1.997.383.262;45.829.458;;;;;;;;
linux;700;88;266.130.291;41.133.747;1.997.853.531;45.875.947;;;;;;;;
linux;700;89;265.681.454;411.649.678;1.997.281.383;45.852.427;;;;;;;;
linux;700;90;266.398.181;412.585.346;1.997.142.394;45.779.707;;;;;;;;
linux;700;91;264.562.127;411.583.069;1.997.164.633;45.783.988;;;;;;;;
linux;700;92;266.052.632;411.920.677;1.997.144.064;45.965.237;;;;;;;;
linux;700;93;266.027.262;411.527.019;1.997.391.743;45.805.007;;;;;;;;
linux;700;94;265.950.502;406.183.186;1.997.268.744;45.821.837;;;;;;;;
linux;700;95;265.531.533;411.815.648;1.997.558.253;45.796.567;;;;;;;;
linux;700;96;266.111.402;406.706.034;1.997.583.242;45.767.778;;;;;;;;
linux;700;97;266.015.062;406.783.564;1.997.103.403;45.783.928;;;;;;;;
linux;700;98;264.801.806;406.743.384;1.997.541.702;46.432.866;;;;;;;;
linux;700;99;265.682.743;412.089.507;1.995.671.628;46.349.806;;;;;;;;
linux;700;100;265.825.862;408.510.309;1.997.241.093;46.405.096;;;;;;;;
linux;800;1;290.113.727;468.251.833;2.282.561.035;5.144.787;;;;;;;;
linux;800;2;297.551.993;467.366.826;2.282.466.085;51.208.621;;;;;;;;
linux;800;3;298.276.672;467.185.915;2.282.685.855;515.064;;;;;;;;
linux;800;4;297.485.774;467.193.386;2.282.539.465;5.132.324;;;;;;;;
linux;800;5;297.210.845;466.812.847;2.282.965.124;51.106.771;;;;;;;;
linux;800;6;298.292.212;466.776.217;2.282.545.325;51.245.641;;;;;;;;
linux;800;7;297.983.352;466.810.827;2.282.621.995;51.058.571;;;;;;;;
linux;800;8;297.440.324;467.459.696;2.282.244.966;5.131.994;;;;;;;;
linux;800;9;297.317.895;466.371.628;2.282.339.916;51.107.671;;;;;;;;
linux;800;10;290.788.335;470.953.894;2.282.429.465;48.760.979;;;;;;;;
linux;800;11;295.968.958;472.197.781;2.282.267.106;51.191.471;;;;;;;;
linux;800;12;297.544.363;466.929.677;2.282.048.377;51.223.471;;;;;;;;
linux;800;13;297.156.876;466.403.368;2.282.096.206;514.532;;;;;;;;
linux;800;14;297.334.015;467.543.134;2.282.454.036;51.191.471;;;;;;;;
linux;800;15;298.058.222;467.069.366;2.283.155.022;51.215.488;;;;;;;;
linux;800;16;298.674.996;467.004.049;2.283.072.831;51.218.588;;;;;;;;
linux;800;17;29.731.862;466.947.969;2.282.196.945;51.019.608;;;;;;;;
linux;800;18;28.823.949;472.106.883;2.282.132.184;51.214.298;;;;;;;;
linux;800;19;296.987.271;466.538.841;2.282.032.915;51.443.247;;;;;;;;
linux;800;20;298.282.966;465.834.394;2.281.908.175;51.225.308;;;;;;;;
linux;800;21;299.291.943;467.391.438;2.283.143.231;51.107.338;;;;;;;;
linux;800;22;298.934.775;4.666.925;2.282.697.133;51.442.047;;;;;;;;
linux;800;23;297.944.938;466.167.262;2.282.417.903;51.256.948;;;;;;;;
linux;800;24;298.254.797;46.678.151;2.282.364.864;51.234.497;;;;;;;;
linux;800;25;298.053.928;46.685.423;2.282.872.312;51.570.656;;;;;;;;
linux;800;26;298.749.445;467.405.789;2.275.779.115;51.140.578;;;;;;;;
linux;800;27;299.202.434;473.545.747;2.275.591.677;51.118.408;;;;;;;;
linux;800;28;299.090.214;467.652.337;2.276.415.254;51.126.748;;;;;;;;
linux;800;29;298.953.724;468.161.776;2.276.803.422;51.159.868;;;;;;;;
linux;800;30;299.483.563;468.013.966;2.275.046.198;51.126.458;;;;;;;;
linux;800;31;299.289.224;467.947.086;2.276.251.174;51.132.938;;;;;;;;
linux;800;32;299.775.742;467.460.757;2.276.501.034;51.150.618;;;;;;;;
linux;800;33;299.416.282;467.091.219;2.276.484.613;51.142.919;;;;;;;;
linux;800;34;299.402.992;467.505.118;2.275.574.946;51.119.859;;;;;;;;
linux;800;35;300.502.379;467.485.167;2.277.317.981;51.317.918;;;;;;;;
linux;800;36;299.596.252;467.430.938;227.761.499;51.095.108;;;;;;;;
linux;800;37;290.794.552;467.831.576;2.280.254.531;51.151.438;;;;;;;;
linux;800;38;290.784.502;467.717.477;2.283.900.138;50.892.879;;;;;;;;
linux;800;39;290.723.652;467.211.559;2.284.480.307;51.217.567;;;;;;;;
linux;800;40;29.731.278;46.698.682;228.346.411;51.389.807;;;;;;;;
linux;800;41;298.413.076;470.246.139;2.283.550.399;51.249.848;;;;;;;;
linux;800;42;297.085.721;471.296.365;228.321.634;51.307.748;;;;;;;;
linux;800;43;297.000.111;466.489.101;2.282.068.935;51.263.637;;;;;;;;
linux;800;44;297.987.568;46.668.265;2.281.410.507;51.181.508;;;;;;;;
linux;800;45;292.259.977;472.660.611;2.282.977.181;51.362.557;;;;;;;;
linux;800;46;29.750.863;472.418.411;2.281.274.387;51.253.208;;;;;;;;
linux;800;47;297.896.488;467.286.449;2.283.129.701;51.242.837;;;;;;;;
linux;800;48;29.745.862;466.932.949;2.282.855.032;51.259.728;;;;;;;;
linux;800;49;296.798.692;467.253.448;2.282.455.133;51.318.938;;;;;;;;
linux;800;50;293.714.932;47.292.278;2.281.771.555;48.903.546;;;;;;;;
linux;800;51;295.421.396;470.885.276;2.281.125.238;51.128.568;;;;;;;;
linux;800;52;297.848.149;467.580.197;2.280.702.379;51.262.038;;;;;;;;
linux;800;53;297.831.038;467.376.318;228.049.061;51.224.688;;;;;;;;
linux;800;54;297.906.738;46.689.448;2.280.774.329;51.278.948;;;;;;;;
linux;800;55;298.263.397;467.395.798;2.281.121.368;51.438.857;;;;;;;;
linux;800;56;297.967.238;467.058.949;2.280.674.389;51.414.108;;;;;;;;
linux;800;57;298.264.507;467.241.969;2.282.653.824;51.093.392;;;;;;;;
linux;800;58;29.079.364;467.518.576;2.281.828.076;5.149.981;;;;;;;;
linux;800;59;295.767.585;466.814.551;228.294.358;51.236.861;;;;;;;;
linux;800;60;296.093.714;466.396.032;228.306.707;51.575.309;;;;;;;;
linux;800;61;297.411.137;476.257.622;2.282.988.581;48.429.935;;;;;;;;
linux;800;62;303.256.927;483.578.546;2.283.139.799;51.231.731;;;;;;;;
linux;800;63;303.535.886;48.264.804;2.282.876.631;51.235.171;;;;;;;;
linux;800;64;304.047.463;484.322.772;2.281.426.769;51.614.429;;;;;;;;
linux;800;65;302.446.951;482.158.723;228.298.638;51.231.181;;;;;;;;
linux;800;66;297.828.734;473.612.306;2.283.023.171;51.454.209;;;;;;;;
linux;800;67;298.002.044;473.517.157;2.274.815.652;51.056.421;;;;;;;;
linux;800;68;287.742.326;467.264.618;2.277.720.267;51.044.822;;;;;;;;
linux;800;69;289.975.754;467.151.599;2.275.524.828;51.071.932;;;;;;;;
linux;800;70;296.996.569;472.209.904;227.529.404;51.174.671;;;;;;;;
linux;800;71;298.296.682;466.330.573;2.279.387.548;51.305.441;;;;;;;;
linux;800;72;294.991.499;469.101.879;2.280.619.182;51.235.001;;;;;;;;
linux;800;73;303.859.325;477.827.966;227.909.899;51.078.331;;;;;;;;
linux;800;74;297.863.927;46.693.197;2.276.062.346;51.083.411;;;;;;;;
linux;800;75;299.220.087;467.444.088;2.276.622.852;5.152.083;;;;;;;;
linux;800;76;29.867.691;466.483.332;2.277.030.801;5.145.351;;;;;;;;
linux;800;77;299.367.757;467.648.645;2.276.873.872;51.145.171;;;;;;;;
linux;800;78;298.159.873;466.671.521;2.276.950.931;51.138.762;;;;;;;;
linux;800;79;298.757.789;467.654.286;2.276.793.562;51.359.351;;;;;;;;
linux;800;80;297.102.478;467.408.317;2.278.870.261;51.243.891;;;;;;;;
linux;800;81;293.826.505;468.046.374;2.281.748.377;51.171.931;;;;;;;;
linux;800;82;299.603.886;46.682.421;2.283.289.719;51.195.181;;;;;;;;
linux;800;83;29.864.489;467.752.956;2.281.383.738;51.257.271;;;;;;;;
linux;800;84;298.499.022;467.115.868;228.321.239;512.736;;;;;;;;
linux;800;85;298.291.293;467.150.928;228.116.142;51.223.341;;;;;;;;
linux;800;86;298.962.919;473.473.857;2.283.040.089;51.249.051;;;;;;;;
linux;800;87;297.725.976;466.993.739;2.282.652.632;51.237.811;;;;;;;;
linux;800;88;290.059.844;467.979.174;228.107.712;51.238.651;;;;;;;;
linux;800;89;298.403.082;467.342.488;2.283.096.669;51.261.491;;;;;;;;
linux;800;90;297.028.639;467.539.927;2.282.871.621;514.407;;;;;;;;
linux;800;91;298.128.513;472.252.403;228.310.164;5.142.959;;;;;;;;
linux;800;92;298.933.909;467.046.259;2.282.950.611;51.225.781;;;;;;;;
linux;800;93;299.088.298;46.691.655;2.281.942.546;5.125.964;;;;;;;;
linux;800;94;298.026.714;473.642.256;2.280.340.804;51.083.121;;;;;;;;
linux;800;95;28.880.762;466.584.192;2.277.394.879;51.152.791;;;;;;;;
linux;800;96;29.874.855;466.444.362;2.275.654.338;51.139.721;;;;;;;;
linux;800;97;298.528.241;466.773.351;2.275.622.008;51.188.881;;;;;;;;
linux;800;98;29.877.541;467.215.898;2.275.725.357;51.136.022;;;;;;;;
linux;800;99;299.602.476;467.878.345;2.277.367.493;51.009.316;;;;;;;;
linux;800;100;2.911.607;468.862.131;2.276.834.705;51.152.286;;;;;;;;
linux;900;1;326.896.577;529.702.339;2.566.805.829;57.475.151;;;;;;;;
linux;900;2;333.005.093;529.999.658;2.569.307.459;57.807.519;;;;;;;;
linux;900;3;335.136.175;52.432.197;2.568.384.543;58.065.549;;;;;;;;
linux;900;4;335.368.123;524.234.161;2.568.297.143;58.228.998;;;;;;;;
linux;900;5;335.241.834;523.687.963;2.566.728.679;58.293.888;;;;;;;;
linux;900;6;335.460.933;52.429.404;2.568.187.703;58.480.887;;;;;;;;
linux;900;7;334.710.086;523.815.772;2.568.249.404;58.267.078;;;;;;;;
linux;900;8;3.285.349;526.586.591;2.567.932.024;58.574.967;;;;;;;;
linux;900;9;334.598.475;528.541.054;2.568.666.661;58.460.287;;;;;;;;
linux;900;10;335.550.923;52.431.208;2.568.235.093;58.877.856;;;;;;;;
linux;900;11;334.606.576;524.654.059;256.660.895;58.964.135;;;;;;;;
linux;900;12;329.739.685;524.974.558;256.914.629;58.393.307;;;;;;;;
linux;900;13;335.943.801;523.546.623;2.568.629.462;57.965.349;;;;;;;;
linux;900;14;336.572.228;524.219.331;2.568.360.133;58.868.475;;;;;;;;
linux;900;15;333.515.621;530.014.407;2.568.333.043;58.610.277;;;;;;;;
linux;900;16;334.879.465;529.898.098;2.568.300.133;58.543.867;;;;;;;;
linux;900;17;335.833.511;531.057.524;256.904.678;57.934.049;;;;;;;;
linux;900;18;33.372.249;531.470.091;2.570.602.025;58.163.128;;;;;;;;
linux;900;19;335.797.501;530.508.756;2.568.716.511;58.552.807;;;;;;;;
linux;900;20;337.001.207;523.053.805;2.568.666.431;58.621.537;;;;;;;;
linux;900;21;335.676.922;524.456.729;256.934.069;58.779.905;;;;;;;;
linux;900;22;334.192.288;529.634.159;2.568.980.381;57.968.529;;;;;;;;
linux;900;23;335.761.931;530.008.028;2.568.487.022;58.768.846;;;;;;;;
linux;900;24;335.158.704;530.539.075;2.568.162.864;58.549.147;;;;;;;;
linux;900;25;335.846.121;530.645.855;2.568.380.763;58.485.007;;;;;;;;
linux;900;26;335.864.591;530.208.277;2.568.157.103;58.038.329;;;;;;;;
linux;900;27;335.097.104;530.130.438;2.567.717.176;58.540.577;;;;;;;;
linux;900;28;335.609.372;530.095.537;2.568.236.874;58.011.708;;;;;;;;
linux;900;29;335.236.624;531.143.423;2.566.501.551;58.517.046;;;;;;;;
linux;900;30;335.964.961;530.093.017;2.568.433.083;58.173.248;;;;;;;;
linux;900;31;335.410.383;530.053.907;2.568.494.653;58.012.749;;;;;;;;
linux;900;32;336.226.989;530.430.466;2.568.353.613;57.996.509;;;;;;;;
linux;900;33;335.319.033;530.005.678;2.568.655.892;57.963.869;;;;;;;;
linux;900;34;335.400.183;530.434.916;2.568.493.432;57.936.439;;;;;;;;
linux;900;35;335.821.042;529.907.918;2.566.562.071;58.189.748;;;;;;;;
linux;900;36;33.615.297;530.027.317;2.567.307.955;58.382.652;;;;;;;;
linux;900;37;335.620.809;530.237.379;2.568.606.062;58.279.582;;;;;;;;
linux;900;38;336.910.609;528.638.721;2.568.353.733;58.721.149;;;;;;;;
linux;900;39;335.483.259;52.874.409;2.559.127.206;58.320.232;;;;;;;;
linux;900;40;326.403.722;522.874.589;2.561.764.288;57.960.385;;;;;;;;
linux;900;41;336.121.555;524.461.639;256.739.489;58.420.661;;;;;;;;
linux;900;42;336.074.645;523.618.177;2.569.267.867;58.336.352;;;;;;;;
linux;900;43;336.365.604;524.001.152;256.886.642;5.855.994;;;;;;;;
linux;900;44;335.392.271;524.127.211;2.569.101.088;58.000.423;;;;;;;;
linux;900;45;329.491.791;524.125.351;2.569.092.248;58.704.179;;;;;;;;
linux;900;46;337.014.489;531.733.819;256.876.858;5.861.419;;;;;;;;
linux;900;47;334.965.453;531.065.444;2.568.968.879;58.651.129;;;;;;;;
linux;900;48;336.145.905;523.942.242;2.569.008.429;58.950.807;;;;;;;;
linux;900;49;331.195.209;524.532.288;2.569.333.547;58.367.651;;;;;;;;
linux;900;50;337.111.188;532.519.724;2.568.647.321;57.712.786;;;;;;;;
linux;900;51;327.332.805;524.367.129;2.561.248.722;58.004.924;;;;;;;;
linux;900;52;335.919.106;531.006.864;2.559.896.431;58.268.472;;;;;;;;
linux;900;53;336.741.321;531.438.221;2.562.146.396;57.971.344;;;;;;;;
linux;900;54;330.517.783;525.010.486;2.566.719.604;58.493.191;;;;;;;;
linux;900;55;335.520.789;524.094.651;2.568.293.183;587.167;;;;;;;;
linux;900;56;331.445.547;531.389.562;2.565.367.943;57.957.834;;;;;;;;
linux;900;57;332.695.069;524.461.749;256.139.288;58.351.172;;;;;;;;
linux;900;58;3.367.078;524.032.322;2.561.458.321;58.070.543;;;;;;;;
linux;900;59;336.079.135;523.943.923;2.561.286.381;58.023.434;;;;;;;;
linux;900;60;337.099.428;523.810.493;2.561.081.783;58.330.652;;;;;;;;
linux;900;61;338.473.429;526.466.215;2.566.115.779;5.850.717;;;;;;;;
linux;900;62;330.451.584;527.306.789;2.568.505.383;58.943.467;;;;;;;;
linux;900;63;335.566.619;523.839.753;2.568.380.433;58.630.689;;;;;;;;
linux;900;64;336.351.054;528.921.888;2.568.692.211;58.690.409;;;;;;;;
linux;900;65;335.675.768;523.488.205;2.567.905.506;5.856.794;;;;;;;;
linux;900;66;335.195.392;523.470.265;2.567.947.786;5.865.394;;;;;;;;
linux;900;67;335.605.498;523.542.325;2.568.303.013;58.560.941;;;;;;;;
linux;900;68;335.219.092;52.406.489;2.567.875.207;58.662.431;;;;;;;;
linux;900;69;33.395.435;522.964.409;2.567.897.716;5.856.174;;;;;;;;
linux;900;70;334.668.815;524.029.092;2.567.918.026;58.688.539;;;;;;;;
linux;900;71;335.713.258;523.832.153;2.568.595.932;5.856.674;;;;;;;;
linux;900;72;33.542.049;523.508.886;2.568.373.673;58.023.733;;;;;;;;
linux;900;73;335.935.676;530.057.591;2.568.536.142;58.231.222;;;;;;;;
linux;900;74;335.187.501;523.475.116;2.568.482.572;5.860.153;;;;;;;;
linux;900;75;336.016.886;523.474.695;2.568.426.413;5.859.452;;;;;;;;
linux;900;76;33.537.572;523.792.173;2.568.224.234;58.085.104;;;;;;;;
linux;900;77;336.177.495;523.473.315;2.568.032.126;58.406.851;;;;;;;;
linux;900;78;336.028.516;523.532.325;2.567.914.876;58.746.189;;;;;;;;
linux;900;79;335.787.687;523.118.438;2.566.330.137;58.672.389;;;;;;;;
linux;900;80;335.157.832;523.506.806;2.568.565.742;58.623.999;;;;;;;;
linux;900;81;336.053.855;526.604.615;2.568.550.222;57.614.346;;;;;;;;
linux;900;82;32.806.341;524.168.291;2.569.088.668;57.981.704;;;;;;;;
linux;900;83;336.462.213;530.657.506;2.569.270.687;58.196.023;;;;;;;;
linux;900;84;336.128.324;524.200.821;256.875.113;5.857.601;;;;;;;;
linux;900;85;334.770.315;532.361.025;2.568.392.882;58.890.588;;;;;;;;
linux;900;86;339.999.958;532.824.002;2.568.416.193;58.457.211;;;;;;;;
linux;900;87;335.042.362;523.895.673;256.883.209;5.857.242;;;;;;;;
linux;900;88;333.247.784;530.514.468;2.568.418.302;57.902.725;;;;;;;;
linux;900;89;335.248.901;530.283.889;2.569.058.708;585.529;;;;;;;;
linux;900;90;333.638.202;530.674.867;2.568.117.175;58.026.993;;;;;;;;
linux;900;91;340.380.816;532.765.812;2.564.972.706;58.436.921;;;;;;;;
linux;900;92;326.844.079;523.231.408;255.995.428;57.982.824;;;;;;;;
linux;900;93;336.476.853;523.957.832;2.560.331.008;55.823.808;;;;;;;;
linux;900;94;334.630.275;531.131.873;2.566.763.414;59.005.598;;;;;;;;
linux;900;95;330.253.057;524.065.721;2.568.536.351;58.469.681;;;;;;;;
linux;900;96;341.439.869;523.736.693;2.568.412.263;56.610.694;;;;;;;;
linux;900;97;331.877.543;524.126.432;2.568.159.639;58.234.111;;;;;;;;
linux;900;98;33.456.119;527.251.633;2.568.355.983;58.405.921;;;;;;;;
linux;900;99;335.822.985;530.633.431;2.568.204.474;58.886.138;;;;;;;;
linux;900;100;332.162.899;523.422.008;2.566.359.561;58.684.189;;;;;;;;
linux;1000;1;364.164.918;583.419.882;2.854.032.778;64.084.808;;;;;;;;
linux;1000;2;369.937.786;590.376.276;2.854.407.936;63.749.309;;;;;;;;
linux;1000;3;370.022.406;583.292.393;2.854.406.826;63.821.149;;;;;;;;
linux;1000;4;370.850.603;583.137.283;2.853.839.408;63.810.359;;;;;;;;
linux;1000;5;362.618.924;58.670.111;2.854.438.675;63.212.562;;;;;;;;
linux;1000;6;370.108.946;583.573.531;2.851.121.618;61.542.808;;;;;;;;
linux;1000;7;368.145.924;584.426.858;284.799.405;6.368.241;;;;;;;;
linux;1000;8;362.161.365;58.396.737;2.851.842.025;6.386.202;;;;;;;;
linux;1000;9;368.397.602;583.318.902;2.854.571.795;63.821.139;;;;;;;;
linux;1000;10;373.037.752;590.397.893;2.854.579.671;62.801.074;;;;;;;;
linux;1000;11;361.702.496;588.918.598;2.853.036.057;63.796.059;;;;;;;;
linux;1000;12;369.309.677;587.195.125;285.471.557;64.006.919;;;;;;;;
linux;1000;13;368.882.708;583.876.817;2.855.520.868;64.015.988;;;;;;;;
linux;1000;14;369.214.287;590.265.103;2.854.256.233;63.846.379;;;;;;;;
linux;1000;15;3.683.697;584.036.507;2.854.506.161;64.166.428;;;;;;;;
linux;1000;16;36.850.215;58.316.887;285.488.112;63.877.888;;;;;;;;
linux;1000;17;366.296.179;590.215.013;285.474.635;6.376.039;;;;;;;;
linux;1000;18;370.382.902;589.884.535;2.854.631.311;63.888.549;;;;;;;;
linux;1000;19;36.833.999;582.497.633;2.854.616.851;63.890.779;;;;;;;;
linux;1000;20;368.715.508;58.338.511;2.854.827.739;6.385.735;;;;;;;;
linux;1000;21;368.732.949;588.008.442;2.854.732.691;62.247.995;;;;;;;;
linux;1000;22;366.505.047;590.489.122;2.854.031.313;61.612.818;;;;;;;;
linux;1000;23;367.601.133;591.516.379;2.853.701.584;64.096.658;;;;;;;;
linux;1000;24;374.149.699;584.727.104;2.844.357.699;6.378.971;;;;;;;;
linux;1000;25;367.186.245;588.690.649;2.844.196.601;61.516.348;;;;;;;;
linux;1000;26;368.662.399;590.771.311;2.846.024.363;6.375.824;;;;;;;;
linux;1000;27;371.301.059;587.119.325;284.978.852;63.346.501;;;;;;;;
linux;1000;28;361.470.426;586.653.637;2.851.503.653;63.874.429;;;;;;;;
linux;1000;29;370.257.373;587.252.594;2.853.915.834;62.328.125;;;;;;;;
linux;1000;30;366.735.886;590.612.262;2.854.398.122;64.043.738;;;;;;;;
linux;1000;31;369.733.935;58.331.775;2.853.769.084;6.386.712;;;;;;;;
linux;1000;32;372.199.445;582.392.393;2.853.957.054;63.873.029;;;;;;;;
linux;1000;33;370.468.022;583.010.511;2.844.848.447;6.366.547;;;;;;;;
linux;1000;34;363.916.897;589.357.177;2.846.104.953;63.751.959;;;;;;;;
linux;1000;35;37.122.497;583.656.048;2.844.478.479;6.376.994;;;;;;;;
linux;1000;36;371.244.279;585.517.951;284.691.981;63.772.169;;;;;;;;
linux;1000;37;37.107.688;583.852.998;2.845.824.304;6.376.621;;;;;;;;
linux;1000;38;371.253.129;582.929.731;2.845.522.816;63.922.508;;;;;;;;
linux;1000;39;363.912.357;584.943.944;2.846.490.601;63.810.479;;;;;;;;
linux;1000;40;371.997.127;583.688.438;284.684.733;63.804.999;;;;;;;;
linux;1000;41;375.793.623;594.792.816;2.849.096.131;6.363.339;;;;;;;;
linux;1000;42;361.741.986;582.563.682;2.851.885.051;63.808.049;;;;;;;;
linux;1000;43;366.417.848;583.729.858;285.250.103;63.839.659;;;;;;;;
linux;1000;44;376.773.888;582.268.824;285.202.737;61.830.607;;;;;;;;
linux;1000;45;361.459.496;585.308.092;2.852.610.009;63.807.859;;;;;;;;
linux;1000;46;370.496.562;584.391.386;2.853.456.405;63.866.749;;;;;;;;
linux;1000;47;369.880.154;584.116.317;2.853.865.863;63.831.489;;;;;;;;
linux;1000;48;369.592.486;58.587.912;2.853.932.023;64.358.058;;;;;;;;
linux;1000;49;36.840.455;590.815.881;2.854.142.582;63.946.899;;;;;;;;
linux;1000;50;370.728.141;587.802.523;2.853.422.835;64.006.989;;;;;;;;
linux;1000;51;370.735.811;582.558.433;284.928.834;6.363.692;;;;;;;;
linux;1000;52;362.854.401;584.254.256;2.845.455.596;63.760.429;;;;;;;;
linux;1000;53;372.306.266;584.769.534;2.845.411.095;64.061.749;;;;;;;;
linux;1000;54;363.575.799;585.317.792;2.844.341.909;637.644;;;;;;;;
linux;1000;55;371.747.717;584.548.095;2.846.516.832;63.767.089;;;;;;;;
linux;1000;56;371.743.437;584.879.764;284.697.104;63.779.129;;;;;;;;
linux;1000;57;372.465.255;585.246.182;2.846.430.201;6.383.651;;;;;;;;
linux;1000;58;372.305.815;585.062.273;284.965.823;63.868.049;;;;;;;;
linux;1000;59;362.895.981;584.143.606;2.853.872.873;64.061.359;;;;;;;;
linux;1000;60;370.073.883;59.114.062;2.853.594.075;64.600.937;;;;;;;;
linux;1000;61;37.122.357;584.831.114;2.852.909.157;64.286.447;;;;;;;;
linux;1000;62;372.685.014;587.770.943;2.853.843.004;63.995.418;;;;;;;;
linux;1000;63;368.155.471;587.419.944;2.854.073.133;6.372.129;;;;;;;;
linux;1000;64;370.187.683;58.325.013;2.853.759.284;637.452;;;;;;;;
linux;1000;65;370.325.163;582.937.421;2.854.368.402;63.820.919;;;;;;;;
linux;1000;66;363.998.327;590.718.601;2.851.706.912;61.665.317;;;;;;;;
linux;1000;67;367.282.095;586.162.439;2.855.384.727;64.290.358;;;;;;;;
linux;1000;68;361.334.197;591.230.769;2.845.749.804;6.382.642;;;;;;;;
linux;1000;69;370.788.811;59.109.777;2.846.186.693;63.951.208;;;;;;;;
linux;1000;70;363.805.588;584.649.604;2.845.284.926;63.838.119;;;;;;;;
linux;1000;71;371.916.227;584.175.626;2.847.597.998;63.839.009;;;;;;;;
linux;1000;72;375.276.284;591.339.069;2.845.981.534;63.795.109;;;;;;;;
linux;1000;73;371.728.868;584.115.866;2.846.009.093;63.958.079;;;;;;;;
linux;1000;74;372.209.366;584.163.526;2.845.953.964;63.794.329;;;;;;;;
linux;1000;75;372.143.286;584.367.345;2.844.799.131;63.796.814;;;;;;;;
linux;1000;76;371.406.299;583.753.382;2.845.439.406;64.023.483;;;;;;;;
linux;1000;77;3.638.943;585.392.575;2.845.045.628;63.803.633;;;;;;;;
linux;1000;78;372.068.466;583.747.763;2.846.469.141;63.796.134;;;;;;;;
linux;1000;79;371.974.196;584.992.797;284.693.126;63.768.014;;;;;;;;
linux;1000;80;372.085.036;583.611.262;2.846.012.124;63.821.774;;;;;;;;
linux;1000;81;369.669.605;593.585.121;2.850.073.037;63.850.834;;;;;;;;
linux;1000;82;361.849.189;588.560.131;2.853.792.582;64.064.092;;;;;;;;
linux;1000;83;365.053.655;591.220.851;2.855.087.286;63.831.624;;;;;;;;
linux;1000;84;371.460.578;584.843.797;285.412.145;64.461.471;;;;;;;;
linux;1000;85;374.169.277;59.163.276;2.843.431.424;63.721.694;;;;;;;;
linux;1000;86;367.219.966;5.915.405;2.845.954.594;63.790.164;;;;;;;;
linux;1000;87;370.577.473;583.869.821;2.845.800.285;63.773.023;;;;;;;;
linux;1000;88;370.227.134;583.666.753;2.845.667.415;63.781.123;;;;;;;;
linux;1000;89;371.499.669;583.248.914;2.846.373.692;63.731.864;;;;;;;;
linux;1000;90;371.284.609;588.111.175;28.444.831;63.806.723;;;;;;;;
linux;1000;91;370.824.952;583.646.272;2.844.079.442;63.774.174;;;;;;;;
linux;1000;92;370.853.592;591.444.821;2.846.174.813;63.734.654;;;;;;;;
linux;1000;93;363.773.171;584.682.338;2.846.424.861;63.777.364;;;;;;;;
linux;1000;94;370.103.394;583.598.523;2.846.132.283;63.801.864;;;;;;;;
linux;1000;95;372.179.415;58.430.374;2.845.528.456;63.773.384;;;;;;;;
linux;1000;96;371.374.339;583.890.141;2.846.370.673;63.817.733;;;;;;;;
linux;1000;97;371.654.708;590.824.782;2.845.603.065;64.091.723;;;;;;;;
linux;1000;98;369.208.818;585.921.893;2.851.882.139;63.748.704;;;;;;;;
linux;1000;99;361.652.909;583.317.304;2.851.498.471;63.840.153;;;;;;;;
linux;1000;100;365.825.542;583.843.182;2.852.026.319;63.860.453;;;;;;;;
